{
	"pack_name": "{maid_pack.arls_sound_pack.name}",
	"model_list": [
		{
			"model_id": "arls_sound_pack:alice",
			"is_gecko": true,
			"use_sound_pack_id": "arls_sound_pack",
			"animation": [
				"arls_sound_pack:animation/arls_sound_pack.alice.main.animation.json",
				"arls_sound_pack:animation/arls_sound_pack.alice.arm.animation.json"
			],
			"description": ["{model.arls_sound_pack.alice.desc}"],
			"render_entity_scale": 0.7
		}
	],
	"version": "1.1.0",
	"author": ["星屑海螺", "哥斯拉"],
	"date": "2023-11-14",
	"icon": "arls_sound_pack:textures/maid_icon.png",
	"description": ["{maid_pack.arls_sound_pack.desc}"]
}