{
	"format_version": "1.10.0",
	"geometry.model": {
		"texturewidth": 128,
		"textureheight": 128,
		"visible_bounds_width": 3,
		"visible_bounds_height": 4,
		"visible_bounds_offset": [0, 1, 0],
		"bones": [
			{
				"name": "head",
				"pivot": [0, 21, 0],
				"cubes": [
					{"origin": [-4, 21, -4], "size": [8, 8, 8], "uv": [0, 0]},
					{"origin": [-4, 21, -4], "size": [8, 8, 8], "uv": [32, 0], "inflate": 0.2}
				]
			},
			{
				"name": "EarsRight",
				"parent": "head",
				"pivot": [-4, 24, -3.1],
				"rotation": [0, -70, 0],
				"cubes": [
					{"origin": [-4, 22, -3.1], "size": [1, 2, 3], "uv": [67, 0]},
					{"origin": [-4.5, 22, -3.1], "size": [1, 2, 3], "uv": [76, 0], "mirror": true},
					{"origin": [-4, 22, -1.6], "size": [1, 1, 1], "uv": [67, 6]},
					{"origin": [-4, 22.5, -2.6], "size": [1, 1, 1], "uv": [67, 8]},
					{"origin": [-4, 23, -3.1], "size": [1, 1, 1], "uv": [67, 10]},
					{"origin": [-4, 22.5, -3.6], "size": [1, 1, 3], "uv": [67, 12]}
				]
			},
			{
				"name": "EarsLeft",
				"parent": "head",
				"pivot": [4, 24, -3.1],
				"rotation": [0, 70, 0],
				"cubes": [
					{"origin": [3.5, 22, -3.1], "size": [1, 2, 3], "uv": [67, 0]},
					{"origin": [3, 22, -3.1], "size": [1, 2, 3], "uv": [76, 0], "mirror": true},
					{"origin": [3.5, 22, -1.6], "size": [1, 1, 1], "uv": [67, 6]},
					{"origin": [3.5, 22.5, -2.6], "size": [1, 1, 1], "uv": [67, 8]},
					{"origin": [3.5, 23, -3.1], "size": [1, 1, 1], "uv": [67, 10]},
					{"origin": [3.5, 22.5, -3.6], "size": [1, 1, 3], "uv": [67, 12]}
				]
			},
			{
				"name": "HairTail2",
				"parent": "head",
				"pivot": [3.5, 21, -3],
				"cubes": [
					{"origin": [2.5, 20, -4], "size": [1, 1, 1], "uv": [81, 97]},
					{"origin": [2.5, 19.5, -4], "size": [1, 1, 1], "uv": [81, 99]},
					{"origin": [2, 19.5, -4], "size": [1, 1, 1], "uv": [81, 101]}
				]
			},
			{
				"name": "HairTail1",
				"parent": "head",
				"pivot": [-3.5, 21, -4],
				"rotation": [0, 180, 0],
				"cubes": [
					{"origin": [-5, 16, -5], "size": [2, 5, 1], "uv": [99, 80]},
					{"origin": [-4.5, 19.5, -5], "size": [1, 2, 1], "uv": [99, 86]},
					{"origin": [-5, 17, -5], "size": [1, 3, 1], "uv": [99, 89]},
					{"origin": [-4.5, 19, -5], "size": [1, 2, 1], "uv": [99, 93]},
					{"origin": [-5, 18, -5], "size": [1, 1, 1], "uv": [99, 96]},
					{"origin": [-4.5, 16.5, -5], "size": [1, 1, 1], "uv": [99, 98]},
					{"origin": [-4.5, 16, -5], "size": [1, 1, 1], "uv": [99, 100]},
					{"origin": [-4.5, 17.5, -5], "size": [1, 1, 1], "uv": [99, 102]},
					{"origin": [-4.5, 18, -5], "size": [1, 1, 1], "uv": [99, 104]}
				]
			},
			{
				"name": "HairTail",
				"parent": "head",
				"pivot": [3.7, 28.2, 4.7],
				"rotation": [7.0154, -49.70397, -7.47944],
				"cubes": [
					{"origin": [3.23412, 12.23949, 3.63905], "size": [5, 16, 1], "uv": [81, 80]},
					{"origin": [3.73412, 27.23949, 3.63905], "size": [1, 1, 1], "uv": [94, 80]},
					{"origin": [4.23412, 27.23949, 3.63905], "size": [1, 1, 1], "uv": [94, 80]},
					{"origin": [4.23412, 26.23949, 3.63905], "size": [1, 1, 1], "uv": [94, 80]},
					{"origin": [3.73412, 26.73949, 3.63905], "size": [1, 1, 1], "uv": [94, 82]},
					{"origin": [4.73412, 21.23949, 3.63905], "size": [1, 5, 1], "uv": [94, 84]},
					{"origin": [4.73412, 25.73949, 3.63905], "size": [1, 2, 1], "uv": [94, 90]},
					{"origin": [5.73412, 24.23949, 3.63905], "size": [1, 2, 1], "uv": [94, 90]},
					{"origin": [5.23412, 25.23949, 3.63905], "size": [1, 2, 1], "uv": [94, 90]},
					{"origin": [6.23412, 18.73949, 3.63905], "size": [1, 6, 1], "uv": [94, 93]},
					{"origin": [5.73412, 16.73949, 3.63905], "size": [1, 2, 1], "uv": [94, 99]},
					{"origin": [6.23412, 18.23949, 3.63905], "size": [1, 1, 1], "uv": [94, 102]},
					{"origin": [6.74512, 13.22449, 3.63905], "size": [1, 1, 1], "uv": [94, 104]},
					{"origin": [5.74512, 14.72449, 3.63905], "size": [1, 1, 1], "uv": [94, 104]},
					{"origin": [4.74512, 14.72449, 3.63905], "size": [1, 1, 1], "uv": [94, 104]},
					{"origin": [5.24512, 13.72449, 3.63905], "size": [1, 1, 1], "uv": [94, 104]},
					{"origin": [5.24512, 12.72449, 3.63905], "size": [2, 1, 1], "uv": [94, 106]},
					{"origin": [5.24512, 15.72449, 3.63905], "size": [1, 1, 1], "uv": [94, 108]},
					{"origin": [6.24512, 14.72449, 3.63905], "size": [1, 1, 1], "uv": [94, 110]},
					{"origin": [7.24512, 13.22449, 3.63905], "size": [1, 1, 1], "uv": [94, 110]},
					{"origin": [3.72412, 14.22449, 3.63905], "size": [1, 2, 1], "uv": [94, 112]},
					{"origin": [4.72412, 13.22449, 3.63905], "size": [1, 2, 1], "uv": [94, 112]},
					{"origin": [4.22412, 13.72449, 3.63905], "size": [1, 2, 1], "uv": [94, 112]},
					{"origin": [4.22412, 15.22449, 3.63905], "size": [1, 2, 1], "uv": [94, 112]},
					{"origin": [4.22412, 18.22449, 3.63905], "size": [1, 3, 1], "uv": [94, 115]},
					{"origin": [4.72412, 17.22449, 3.63905], "size": [1, 3, 1], "uv": [94, 115]}
				]
			},
			{
				"name": "HeadDeco2",
				"parent": "head",
				"pivot": [5.3, 31.6, 3.9],
				"rotation": [3.06617, 39.97712, 1.11553],
				"cubes": [
					{"origin": [-2.37876, 21.62049, 2.5174], "size": [8, 10, 1], "uv": [2, 70]},
					{"origin": [-2.37876, 21.62049, 3.0174], "size": [8, 10, 1], "uv": [11, 70], "mirror": true},
					{"origin": [2.62124, 23.12049, 2.5174], "size": [1, 1, 1], "uv": [11, 81]},
					{"origin": [1.12124, 23.12049, 2.5174], "size": [1, 1, 1], "uv": [11, 81]},
					{"origin": [1.62124, 22.62049, 2.5174], "size": [1, 1, 1], "uv": [11, 81]},
					{"origin": [2.12124, 22.62049, 2.5174], "size": [1, 1, 1], "uv": [11, 81]},
					{"origin": [3.12124, 24.12049, 2.5174], "size": [1, 1, 1], "uv": [11, 83]},
					{"origin": [0.62124, 24.12049, 2.5174], "size": [1, 1, 1], "uv": [11, 83]},
					{"origin": [1.12124, 24.62049, 2.5174], "size": [1, 1, 1], "uv": [11, 85]},
					{"origin": [2.62124, 24.62049, 2.5174], "size": [1, 1, 1], "uv": [11, 85]},
					{"origin": [1.62124, 22.12049, 2.5174], "size": [1, 1, 1], "uv": [11, 87]},
					{"origin": [2.12124, 21.62049, 2.5174], "size": [1, 1, 1], "uv": [11, 89]},
					{"origin": [2.12124, 25.12049, 2.5174], "size": [1, 1, 1], "uv": [11, 91]},
					{"origin": [1.62124, 25.12049, 2.5174], "size": [1, 1, 1], "uv": [11, 93]},
					{"origin": [0.62124, 26.12049, 2.5174], "size": [1, 1, 1], "uv": [11, 95]},
					{"origin": [-0.37876, 25.62049, 2.5174], "size": [1, 1, 1], "uv": [11, 97]},
					{"origin": [-0.87876, 26.12049, 2.5174], "size": [1, 1, 1], "uv": [11, 97]},
					{"origin": [-1.37876, 26.62049, 2.5174], "size": [1, 1, 1], "uv": [11, 99]},
					{"origin": [-0.87876, 26.62049, 2.5174], "size": [1, 1, 1], "uv": [11, 99]},
					{"origin": [-2.37876, 27.12049, 2.5174], "size": [2, 1, 1], "uv": [10, 101]},
					{"origin": [-1.87876, 27.62049, 2.5174], "size": [1, 1, 1], "uv": [11, 103]},
					{"origin": [-0.37876, 26.12049, 2.5174], "size": [1, 1, 1], "uv": [11, 105]},
					{"origin": [0.12124, 25.62049, 2.5174], "size": [1, 1, 1], "uv": [11, 105]},
					{"origin": [1.12124, 26.12049, 2.5174], "size": [1, 1, 1], "uv": [11, 107]},
					{"origin": [1.12124, 27.62049, 2.5174], "size": [1, 1, 1], "uv": [11, 109]},
					{"origin": [0.62124, 28.62049, 2.5174], "size": [1, 1, 1], "uv": [11, 109]},
					{"origin": [1.62124, 27.12049, 2.5174], "size": [1, 1, 1], "uv": [11, 109]},
					{"origin": [2.62124, 26.62049, 2.5174], "size": [1, 1, 1], "uv": [11, 109]},
					{"origin": [1.12124, 28.62049, 2.5174], "size": [1, 1, 1], "uv": [11, 109]},
					{"origin": [2.12124, 27.62049, 2.5174], "size": [1, 1, 1], "uv": [11, 109]},
					{"origin": [1.62124, 28.12049, 2.5174], "size": [1, 1, 1], "uv": [11, 109]},
					{"origin": [0.62124, 29.12049, 2.5174], "size": [1, 1, 1], "uv": [15, 109]},
					{"origin": [3.12124, 30.12049, 2.5174], "size": [1, 1, 1], "uv": [15, 109]},
					{"origin": [3.62124, 29.62049, 2.5174], "size": [1, 1, 1], "uv": [15, 109]},
					{"origin": [4.12124, 29.12049, 2.5174], "size": [1, 1, 1], "uv": [15, 109]},
					{"origin": [4.62124, 28.62049, 2.5174], "size": [1, 1, 1], "uv": [15, 107]},
					{"origin": [4.12124, 28.12049, 2.5174], "size": [1, 1, 1], "uv": [15, 107]},
					{"origin": [4.62124, 26.12049, 2.5174], "size": [1, 2, 1], "uv": [15, 104]},
					{"origin": [3.12124, 26.12049, 2.5174], "size": [1, 2, 1], "uv": [15, 104]},
					{"origin": [3.12124, 28.62049, 2.5174], "size": [1, 3, 1], "uv": [16, 99]},
					{"origin": [2.62124, 30.62049, 2.5174], "size": [1, 1, 1], "uv": [15, 97]},
					{"origin": [0.12124, 29.12049, 2.5174], "size": [1, 1, 1], "uv": [15, 95]},
					{"origin": [0.12124, 29.62049, 2.5174], "size": [1, 1, 1], "uv": [15, 93]},
					{"origin": [4.12124, 26.12049, 2.5174], "size": [1, 1, 1], "uv": [15, 91]},
					{"origin": [2.62124, 26.12049, 2.5174], "size": [1, 1, 1], "uv": [15, 91]},
					{"origin": [4.62124, 26.62049, 2.5174], "size": [1, 1, 1], "uv": [15, 89]},
					{"origin": [3.62124, 26.62049, 2.5174], "size": [1, 1, 1], "uv": [15, 87]}
				]
			},
			{
				"name": "Hair1",
				"parent": "head",
				"pivot": [0.7, -10.7, 0],
				"cubes": [
					{"origin": [-4.3, 24.3, -2], "size": [5, 5, 1], "uv": [0, 112]},
					{"origin": [-3.8, 28.3, -1.5], "size": [1, 1, 1], "uv": [0, 109]},
					{"origin": [-2.3, 28.3, -1.5], "size": [1, 1, 1], "uv": [0, 109]},
					{"origin": [-4.3, 27.8, -1.5], "size": [1, 1, 1], "uv": [0, 107]},
					{"origin": [-4.3, 26.3, -1.5], "size": [1, 1, 1], "uv": [0, 107]},
					{"origin": [-4.3, 24.8, -1.5], "size": [1, 1, 1], "uv": [0, 107]},
					{"origin": [-4.3, 27.8, -2], "size": [1, 1, 1], "uv": [0, 105]},
					{"origin": [-4.3, 26.3, -2], "size": [1, 1, 1], "uv": [0, 105]},
					{"origin": [-4.3, 24.8, -2], "size": [1, 1, 1], "uv": [0, 105]},
					{"origin": [-4.3, 25.3, -1.5], "size": [1, 1, 1], "uv": [0, 103]},
					{"origin": [-4.3, 26.8, -1.5], "size": [1, 1, 1], "uv": [0, 103]},
					{"origin": [-4.3, 23.8, -1.5], "size": [1, 1, 1], "uv": [0, 103]},
					{"origin": [-4.3, 28.3, -1.5], "size": [1, 1, 1], "uv": [0, 103]},
					{"origin": [-3.8, 28.3, -2], "size": [1, 1, 1], "uv": [0, 101]},
					{"origin": [-2.3, 28.3, -2], "size": [1, 1, 1], "uv": [0, 101]},
					{"origin": [-0.8, 28.3, -1.5], "size": [1, 1, 1], "uv": [0, 99]},
					{"origin": [-1.3, 28.3, -1.5], "size": [1, 1, 1], "uv": [0, 97]},
					{"origin": [-0.8, 28.3, -2.5], "size": [1, 1, 1], "uv": [0, 97], "mirror": true},
					{"origin": [-1.3, 28.3, -2.5], "size": [1, 1, 1], "uv": [0, 97]},
					{"origin": [-1.3, 28.3, -1.5], "size": [1, 1, 1], "uv": [0, 95]},
					{"origin": [-2.8, 28.3, -1.5], "size": [1, 1, 1], "uv": [0, 95]}
				]
			},
			{
				"name": "HeadLeaf",
				"parent": "head",
				"pivot": [-4.1, 26.7, -2],
				"rotation": [-8.66941, -29.05791, 34.21065]
			},
			{
				"name": "bone11",
				"parent": "HeadLeaf",
				"pivot": [-3.9, 24.2, -0.3],
				"rotation": [0, 0, 15],
				"cubes": [
					{"origin": [-3.9, 23.2, -2.3], "size": [1, 1, 3], "uv": [94, 71]}
				]
			},
			{
				"name": "bone13",
				"parent": "HeadLeaf",
				"pivot": [-3.9, 24.2, -0.3],
				"cubes": [
					{"origin": [-3.9, 24.2, -2.3], "size": [1, 1, 3], "uv": [94, 70]}
				]
			},
			{
				"name": "bone12",
				"parent": "HeadLeaf",
				"pivot": [-3.9, 25.2, -0.3],
				"rotation": [0, 0, -7.5],
				"cubes": [
					{"origin": [-3.9, 25.2, -2.3], "size": [1, 1, 3], "uv": [94, 69]}
				]
			},
			{
				"name": "bone14",
				"parent": "HeadLeaf",
				"pivot": [-4, 25.7, -0.3],
				"rotation": [0, 0, -7.5],
				"cubes": [
					{"origin": [-3.96612, 25.69122, -2.5], "size": [1, 1, 3], "uv": [94, 68]}
				]
			},
			{
				"name": "HeadDeco1",
				"parent": "head",
				"pivot": [3.9, 28.7, -4.3],
				"rotation": [0, 30, 0],
				"cubes": [
					{"origin": [3.4, 21.7, -5.8], "size": [1, 7, 4], "uv": [83, 68]},
					{"origin": [3.9, 21.7, -5.8], "size": [0, 7, 4], "uv": [84, 68], "mirror": true},
					{"origin": [3.4, 27.2, -4.8], "size": [1, 1, 1], "uv": [83, 69]},
					{"origin": [3.4, 22.7, -5.3], "size": [1, 1, 1], "uv": [83, 67]},
					{"origin": [3.4, 22.2, -4.8], "size": [1, 1, 1], "uv": [83, 67]},
					{"origin": [3.4, 22.7, -3.8], "size": [1, 1, 1], "uv": [83, 67]},
					{"origin": [3.4, 22.2, -4.3], "size": [1, 1, 1], "uv": [83, 67]},
					{"origin": [3.4, 27.2, -4.3], "size": [1, 1, 1], "uv": [83, 69]},
					{"origin": [3.4, 23.7, -3.3], "size": [1, 1, 1], "uv": [83, 69]},
					{"origin": [3.4, 24.2, -3.8], "size": [1, 1, 1], "uv": [83, 69]},
					{"origin": [3.4, 24.2, -5.3], "size": [1, 1, 1], "uv": [83, 69]},
					{"origin": [3.4, 23.7, -5.8], "size": [1, 1, 1], "uv": [83, 65]},
					{"origin": [3.4, 25.7, -5.8], "size": [1, 1, 1], "uv": [83, 65]},
					{"origin": [3.4, 25.7, -3.3], "size": [1, 1, 1], "uv": [83, 65]},
					{"origin": [3.4, 26.2, -3.8], "size": [1, 1, 1], "uv": [83, 65]},
					{"origin": [3.4, 26.2, -5.3], "size": [1, 1, 1], "uv": [83, 63]},
					{"origin": [3.4, 25.7, -5.3], "size": [1, 1, 1], "uv": [83, 61]},
					{"origin": [3.4, 25.7, -3.8], "size": [1, 1, 1], "uv": [83, 61]},
					{"origin": [3.4, 26.2, -2.8], "size": [1, 1, 1], "uv": [83, 59]},
					{"origin": [3.4, 26.2, -5.8], "size": [1, 1, 1], "uv": [83, 59]},
					{"origin": [3.4, 24.7, -4.3], "size": [1, 1, 1], "uv": [83, 57]},
					{"origin": [3.4, 24.7, -4.8], "size": [1, 1, 1], "uv": [83, 57]},
					{"origin": [3.4, 23.7, -5.8], "size": [1, 1, 1], "uv": [83, 55]},
					{"origin": [3.4, 21.2, -4.3], "size": [1, 1, 1], "uv": [83, 53]},
					{"origin": [3.4, 27.7, -4.3], "size": [1, 1, 1], "uv": [83, 53]},
					{"origin": [3.4, 27.7, -4.8], "size": [1, 1, 1], "uv": [83, 51]},
					{"origin": [3.4, 21.2, -4.8], "size": [1, 1, 1], "uv": [83, 51]}
				]
			},
			{
				"name": "HeadDeco",
				"parent": "head",
				"pivot": [3.8, 30.2, 0],
				"rotation": [0, 0, -12.5],
				"cubes": [
					{"origin": [3.3, 23.2, -2.5], "size": [1, 7, 5], "uv": [66, 65]},
					{"origin": [3.8, 23.2, -2], "size": [0, 7, 5], "uv": [72, 65]},
					{"origin": [3.3, 27.2, 1.5], "size": [1, 1, 1], "uv": [74, 67]},
					{"origin": [3.3, 27.2, -2], "size": [1, 1, 1], "uv": [74, 65]},
					{"origin": [3.3, 27.7, -1], "size": [1, 1, 1], "uv": [74, 63]},
					{"origin": [3.3, 27.7, 0.5], "size": [1, 1, 1], "uv": [74, 61]},
					{"origin": [3.3, 25.7, 0.5], "size": [1, 1, 1], "uv": [74, 59]},
					{"origin": [3.3, 25.7, -1], "size": [1, 1, 1], "uv": [74, 59]},
					{"origin": [3.3, 26.7, -2], "size": [1, 1, 1], "uv": [74, 57]},
					{"origin": [3.3, 26.7, 1.5], "size": [1, 1, 1], "uv": [74, 55]},
					{"origin": [3.3, 24.7, 1], "size": [1, 1, 1], "uv": [74, 53]},
					{"origin": [3.3, 24.7, -1.5], "size": [1, 1, 1], "uv": [74, 51]},
					{"origin": [3.3, 23.7, -1], "size": [1, 1, 1], "uv": [74, 49]},
					{"origin": [3.3, 23.7, 0.5], "size": [1, 1, 1], "uv": [74, 49]},
					{"origin": [3.3, 29.2, -0.5], "size": [1, 1, 1], "uv": [74, 47]},
					{"origin": [3.3, 29.2, 0], "size": [1, 1, 1], "uv": [74, 45]},
					{"origin": [3.3, 26.7, -2.5], "size": [1, 1, 1], "uv": [74, 41]},
					{"origin": [3.3, 26.7, 2.5], "size": [1, 1, 1], "uv": [74, 41]},
					{"origin": [3.3, 27.2, 2], "size": [1, 1, 1], "uv": [74, 39]},
					{"origin": [3.3, 22.7, -0.5], "size": [1, 1, 1], "uv": [74, 39]},
					{"origin": [3.3, 22.7, -0.5], "size": [1, 1, 1], "uv": [74, 35]},
					{"origin": [3.3, 22.7, 0], "size": [1, 1, 1], "uv": [74, 35]},
					{"origin": [3.3, 22.7, 0], "size": [1, 1, 1], "uv": [74, 33]},
					{"origin": [3.8, 27.2, -2.5], "size": [1, 1, 1], "uv": [74, 31]},
					{"origin": [3.8, 22.7, 0], "size": [1, 1, 1], "uv": [74, 31]},
					{"origin": [3.3, 28.7, 0], "size": [1, 1, 1], "uv": [74, 43]},
					{"origin": [3.3, 28.7, -0.5], "size": [1, 1, 1], "uv": [74, 43]}
				]
			},
			{
				"name": "blink",
				"parent": "head",
				"pivot": [0, 26.5, 0],
				"cubes": [
					{"origin": [-4, 21, -4.001], "size": [8, 8, 0], "uv": [30, 65]},
					{"origin": [-4, 21, -4], "size": [8, 8, 8], "uv": [22, 106], "inflate": 0.2}
				]
			},
			{
				"name": "armRight",
				"pivot": [-3.25, 19, 0],
				"rotation": [0, 0, 25],
				"cubes": [
					{"origin": [-5.44596, 11.012, -1], "size": [2, 8, 2], "uv": [30, 79], "mirror": true},
					{"origin": [-6.44596, 14.362, -2], "size": [4, 5, 4], "uv": [25, 96], "inflate": -0.8}
				]
			},
			{
				"name": "bone6",
				"parent": "armRight",
				"pivot": [-5.66366, 15.8425, 0.8],
				"rotation": [0, 0, 7.5],
				"cubes": [
					{"origin": [-5.84596, 14.9425, 0.3], "size": [1, 1.1, 1], "uv": [25, 105], "inflate": -0.2}
				]
			},
			{
				"name": "bone7",
				"parent": "armRight",
				"pivot": [-5.66366, 15.8425, -1.1],
				"rotation": [0, 0, 7.5],
				"cubes": [
					{"origin": [-5.84596, 14.9425, -1.6], "size": [1, 1.1, 1], "uv": [25, 105], "inflate": -0.2}
				]
			},
			{
				"name": "bone8",
				"parent": "armRight",
				"pivot": [-5.16366, 15.8425, -1.2],
				"rotation": [-7.5, 0, 0],
				"cubes": [
					{"origin": [-5.34596, 14.9425, -1.4], "size": [1, 1.1, 1], "uv": [24, 105], "inflate": -0.2}
				]
			},
			{
				"name": "bone10",
				"parent": "armRight",
				"pivot": [-5.66366, 15.8425, -0.2],
				"rotation": [0, 0, 7.5],
				"cubes": [
					{"origin": [-5.84596, 14.0425, -0.6], "size": [1, 2, 1.2], "uv": [25, 107], "inflate": -0.2},
					{"origin": [-5.84596, 14.4425, -0.8], "size": [1, 1.2, 1.2], "uv": [25, 110], "inflate": -0.2}
				]
			},
			{
				"name": "bone9",
				"parent": "armRight",
				"pivot": [-5.16366, 15.8425, 1.2],
				"rotation": [7.5, 0, 0],
				"cubes": [
					{"origin": [-5.34596, 14.9425, 0.4], "size": [1, 1.1, 1], "uv": [22, 105], "inflate": -0.2, "mirror": true}
				]
			},
			{
				"name": "Collier",
				"parent": "armRight",
				"pivot": [-4.56366, 20.0425, 0],
				"cubes": [
					{"origin": [-6.44596, 13.512, -1.5], "size": [1, 1, 1], "uv": [55, 99], "mirror": true},
					{"origin": [-5.94596, 12.512, -1.5], "size": [3, 2, 3], "uv": [55, 79], "mirror": true},
					{"origin": [-5.94596, 12.012, -1.5], "size": [3, 1, 3], "uv": [55, 84], "mirror": true},
					{"origin": [-5.94596, 14.012, -1.5], "size": [3, 1, 3], "uv": [55, 88], "mirror": true},
					{"origin": [-6.44596, 12.512, -2], "size": [1, 1, 1], "uv": [55, 93], "mirror": true},
					{"origin": [-5.94596, 13.512, -1.5], "size": [1, 1, 1], "uv": [55, 107], "mirror": true},
					{"origin": [-5.44596, 13.012, -1.5], "size": [1, 1, 1], "uv": [55, 109], "mirror": true},
					{"origin": [-5.44596, 12.512, 1], "size": [1, 1, 1], "uv": [55, 103], "mirror": true},
					{"origin": [-5.94596, 12.512, 0.5], "size": [1, 1, 1], "uv": [55, 105], "mirror": true},
					{"origin": [-6.44596, 12.512, -0.5], "size": [1, 1, 1], "uv": [55, 95], "mirror": true},
					{"origin": [-6.44596, 12.512, 0.5], "size": [1, 1, 1], "uv": [55, 95], "mirror": true},
					{"origin": [-5.94596, 13.012, -1], "size": [1, 1, 1], "uv": [55, 97], "mirror": true},
					{"origin": [-5.94596, 13.012, 0], "size": [1, 1, 1], "uv": [55, 97], "mirror": true},
					{"origin": [-5.94596, 13.012, 1], "size": [1, 1, 1], "uv": [55, 97], "mirror": true},
					{"origin": [-6.44596, 13.512, 0.5], "size": [1, 1, 1], "uv": [55, 101], "mirror": true},
					{"origin": [-6.44596, 13.512, -0.5], "size": [1, 1, 1], "uv": [55, 99], "mirror": true},
					{"origin": [-5.94596, 13.012, 0], "size": [1, 1, 1], "uv": [55, 111], "mirror": true},
					{"origin": [-5.94596, 13.012, -1], "size": [1, 1, 1], "uv": [55, 111], "mirror": true},
					{"origin": [-4.94596, 12.512, -1.5], "size": [1, 1, 1], "uv": [55, 113], "mirror": true},
					{"origin": [-4.44596, 12.512, 1], "size": [1, 1, 1], "uv": [55, 113], "mirror": true},
					{"origin": [-4.94596, 13.012, 1], "size": [1, 1, 1], "uv": [55, 113], "mirror": true},
					{"origin": [-4.44596, 13.012, -1.5], "size": [1, 1, 1], "uv": [55, 113], "mirror": true},
					{"origin": [-5.44596, 13.012, -1.5], "size": [1, 1, 1], "uv": [55, 115], "mirror": true},
					{"origin": [-4.94596, 13.512, -1.5], "size": [1, 1, 1], "uv": [55, 115], "mirror": true},
					{"origin": [-5.44596, 13.512, 1], "size": [1, 1, 1], "uv": [55, 115], "mirror": true},
					{"origin": [-4.94596, 13.012, 1], "size": [1, 1, 1], "uv": [55, 115], "mirror": true},
					{"origin": [-3.44596, 12.512, 1], "size": [1, 1, 1], "uv": [55, 117], "mirror": true},
					{"origin": [-3.94596, 12.512, -0.5], "size": [1, 1, 1], "uv": [59, 123], "mirror": true},
					{"origin": [-3.94596, 12.512, -1.5], "size": [1, 1, 1], "uv": [59, 123], "mirror": true},
					{"origin": [-3.44596, 13.512, 0], "size": [1, 1, 1], "uv": [55, 119], "mirror": true},
					{"origin": [-3.44596, 13.512, -1], "size": [1, 1, 1], "uv": [55, 119], "mirror": true},
					{"origin": [-3.44596, 13.512, -2], "size": [1, 1, 1], "uv": [55, 119], "mirror": true},
					{"origin": [-4.44596, 12.512, -1.5], "size": [1, 1, 1], "uv": [55, 123], "mirror": true},
					{"origin": [-3.94596, 12.512, -1.5], "size": [1, 1, 1], "uv": [55, 125], "mirror": true},
					{"origin": [-3.94596, 13.012, 1], "size": [1, 1, 1], "uv": [55, 125], "mirror": true},
					{"origin": [-4.44596, 13.512, 0.5], "size": [1, 1, 1], "uv": [59, 125], "mirror": true},
					{"origin": [-3.94596, 12.512, -1], "size": [1, 1, 1], "uv": [55, 121], "mirror": true},
					{"origin": [-3.94596, 13.012, -0.5], "size": [1, 1, 1], "uv": [55, 121], "mirror": true},
					{"origin": [-3.94596, 13.012, 0.5], "size": [1, 1, 1], "uv": [55, 121], "mirror": true},
					{"origin": [-3.94596, 12.512, 0], "size": [1, 1, 1], "uv": [55, 121], "mirror": true}
				]
			},
			{
				"name": "armLeft",
				"pivot": [3.25, 19, 0],
				"rotation": [0, 0, -25],
				"cubes": [
					{"origin": [3.44596, 11.0118, -1], "size": [2, 8, 2], "uv": [45, 79]},
					{"origin": [2.44596, 14.362, -2], "size": [4, 5, 4], "uv": [25, 96], "inflate": -0.8, "mirror": true}
				]
			},
			{
				"name": "bone",
				"parent": "armLeft",
				"pivot": [5.66366, 15.8425, 0.9],
				"rotation": [0, 0, -7.5],
				"cubes": [
					{"origin": [4.84596, 14.9425, 0.3], "size": [1, 1.1, 1], "uv": [25, 105], "inflate": -0.2, "mirror": true}
				]
			},
			{
				"name": "bone5",
				"parent": "armLeft",
				"pivot": [5.66366, 15.8425, 0.1],
				"rotation": [0, 0, -7.5],
				"cubes": [
					{"origin": [4.84596, 14.0425, -0.6], "size": [1, 2, 1.2], "uv": [25, 107], "inflate": -0.2, "mirror": true},
					{"origin": [4.84596, 14.4425, -0.8], "size": [1, 1.2, 1.2], "uv": [25, 110], "inflate": -0.2, "mirror": true}
				]
			},
			{
				"name": "bone2",
				"parent": "armLeft",
				"pivot": [5.66366, 15.8425, -1],
				"rotation": [0, 0, -7.5],
				"cubes": [
					{"origin": [4.84596, 14.9425, -1.6], "size": [1, 1.1, 1], "uv": [25, 105], "inflate": -0.2, "mirror": true}
				]
			},
			{
				"name": "bone3",
				"parent": "armLeft",
				"pivot": [4.56366, 15.8425, -1.2],
				"rotation": [-90, 82.5, -90],
				"cubes": [
					{"origin": [3.74596, 14.9425, -1.4], "size": [1, 1.1, 1], "uv": [25, 105], "inflate": -0.2, "mirror": true}
				]
			},
			{
				"name": "bone4",
				"parent": "armLeft",
				"pivot": [4.56366, 15.8425, 1.2],
				"rotation": [90, 82.5, 90],
				"cubes": [
					{"origin": [4.34596, 14.9425, 1], "size": [1, 1.1, 1], "uv": [25, 105], "inflate": -0.2}
				]
			},
			{
				"name": "body",
				"pivot": [0, 10.5, 0],
				"cubes": [
					{"origin": [-4, 8.999, -2.3], "size": [8, 12, 4.6], "uv": [16, 16], "inflate": -0.1},
					{"origin": [-4.2, 8.699, -2.4], "size": [8.4, 12.6, 4.8], "uv": [16, 32], "inflate": -0.1}
				]
			},
			{
				"name": "cap",
				"parent": "body",
				"pivot": [0, 20.8, 3.6],
				"rotation": [165, 0, 180],
				"cubes": [
					{"origin": [-7.5, 4.3, 3.8], "size": [15, 17, 1], "uv": [60, 104]}
				]
			},
			{
				"name": "cap3d",
				"parent": "cap",
				"pivot": [-0.5, 20.8, 3],
				"cubes": [
					{"origin": [-4, 17.8, 3.6], "size": [8, 3, 1], "uv": [104, 87]},
					{"origin": [3, 17.8, 3.6], "size": [1, 1, 1], "uv": [105, 85]},
					{"origin": [3, 17.8, 3.6], "size": [1, 1, 1], "uv": [105, 85]},
					{"origin": [2, 18.8, 3.6], "size": [1, 1, 1], "uv": [105, 85]},
					{"origin": [1.5, 19.3, 3.6], "size": [1, 1, 1], "uv": [105, 85]},
					{"origin": [0.5, 19.3, 3.6], "size": [1, 1, 1], "uv": [105, 85]},
					{"origin": [0, 19.8, 3.6], "size": [1, 1, 1], "uv": [105, 85]},
					{"origin": [-3, 19.3, 3.6], "size": [1, 1, 1], "uv": [105, 85]},
					{"origin": [-2, 19.3, 3.6], "size": [1, 1, 1], "uv": [105, 85]},
					{"origin": [-3.5, 18.3, 3.6], "size": [1, 1, 1], "uv": [105, 83]},
					{"origin": [-3, 18.8, 3.6], "size": [1, 1, 1], "uv": [105, 83]},
					{"origin": [-4, 17.8, 3.6], "size": [1, 1, 1], "uv": [105, 83]},
					{"origin": [-1.5, 17.8, 3.6], "size": [1, 1, 1], "uv": [105, 83]},
					{"origin": [-1, 18.3, 3.6], "size": [1, 1, 1], "uv": [105, 83]},
					{"origin": [0.5, 18.3, 3.6], "size": [1, 1, 1], "uv": [105, 83]},
					{"origin": [1, 17.8, 3.6], "size": [1, 1, 1], "uv": [105, 83]},
					{"origin": [-2.5, 19.3, 3.6], "size": [1, 1, 1], "uv": [105, 81]},
					{"origin": [-1.5, 19.3, 3.6], "size": [1, 1, 1], "uv": [105, 81]},
					{"origin": [0.5, 19.8, 3.6], "size": [1, 1, 1], "uv": [105, 81]},
					{"origin": [2, 19.3, 3.6], "size": [1, 1, 1], "uv": [105, 81]},
					{"origin": [-0.5, 19.3, 3.1], "size": [1, 1, 1], "uv": [109, 81]},
					{"origin": [1.5, 18.8, 3.6], "size": [1, 1, 1], "uv": [109, 83]},
					{"origin": [-2.5, 18.8, 3.6], "size": [1, 1, 1], "uv": [109, 85]},
					{"origin": [-1.5, 19.8, 3.6], "size": [1, 1, 1], "uv": [113, 85]},
					{"origin": [-1, 20.3, 3.6], "size": [1, 1, 1], "uv": [113, 83]},
					{"origin": [2.5, 18.3, 3.6], "size": [1, 1, 1], "uv": [105, 85]},
					{"origin": [-1.5, 18.8, 3.6], "size": [1, 1, 1], "uv": [113, 81]},
					{"origin": [0, 18.8, 3.6], "size": [1, 1, 1], "uv": [113, 81]},
					{"origin": [0.5, 18.3, 3.6], "size": [1, 1, 1], "uv": [113, 81]},
					{"origin": [-2, 18.3, 3.6], "size": [1, 1, 1], "uv": [113, 81]},
					{"origin": [1, 19.8, 3.6], "size": [1, 1, 1], "uv": [113, 81], "mirror": true},
					{"origin": [0.5, 20.3, 3.6], "size": [1, 1, 1], "uv": [117, 83], "mirror": true},
					{"origin": [-0.5, 17.8, 3.1], "size": [1, 1, 1], "uv": [117, 81], "mirror": true},
					{"origin": [-0.5, 18.3, 3.6], "size": [1, 1, 1], "uv": [123, 85], "mirror": true},
					{"origin": [-4.5, 18.3, 3.6], "size": [2, 1, 1], "uv": [117, 85], "mirror": true},
					{"origin": [2.5, 18.3, 3.6], "size": [2, 1, 1], "uv": [121, 81], "mirror": true}
				]
			},
			{
				"name": "bone18",
				"parent": "cap3d",
				"pivot": [0.5, 20.8, 3.5],
				"rotation": [0, 180, 0],
				"cubes": [
					{"origin": [-3, 17.8, 2.9], "size": [8, 3, 1], "uv": [104, 87], "mirror": true}
				]
			},
			{
				"name": "sittingRotationSkirt",
				"parent": "body",
				"pivot": [0, 10.5, 6]
			},
			{
				"name": "bone15",
				"parent": "sittingRotationSkirt",
				"pivot": [0.5, 13, 5.5],
				"rotation": [0, 0, 17.5],
				"cubes": [
					{"origin": [-4, 2.5, -2.5], "size": [4, 11, 5], "uv": [85, 2], "inflate": -0.1},
					{"origin": [-4, 2.5, -2.5], "size": [4, 11, 5], "uv": [104, 0]}
				]
			},
			{
				"name": "bone17",
				"parent": "sittingRotationSkirt",
				"pivot": [-0.5, 13, -0.5],
				"rotation": [0, 0, -17.5],
				"cubes": [
					{"origin": [0, 2.5, -2.5], "size": [4, 11, 5], "uv": [106, 21], "inflate": -0.1},
					{"origin": [0, 2.5, -2.5], "size": [4, 11, 5], "uv": [106, 39]}
				]
			},
			{
				"name": "bone16",
				"parent": "sittingRotationSkirt",
				"pivot": [0, 10.5, -11],
				"cubes": [
					{"origin": [-2, 3.7, -2.5], "size": [4, 10, 5], "uv": [84, 21], "inflate": -0.2}
				]
			},
			{
				"name": "legLeft",
				"pivot": [1.8, 9, 0],
				"cubes": [
					{"origin": [0.249, 0, -1.5], "size": [3, 9, 3], "uv": [105, 56]},
					{"origin": [0.049, 0, -1.7], "size": [3.4, 9, 3.4], "uv": [90, 37]}
				]
			},
			{
				"name": "legRight",
				"pivot": [-1.8, 9, 0],
				"cubes": [
					{"origin": [-3.249, 0, -1.5], "size": [3, 9, 3], "uv": [105, 68]},
					{"origin": [-3.449, 0, -1.7], "size": [3.4, 9, 3.4], "uv": [90, 49]}
				]
			},
			{
				"name": "backpackPositioningBone",
				"pivot": [0, 19, 0]
			}
		]
	}
}