{
	"format_version": "1.10.0",
	"geometry.model": {
		"texturewidth": 128,
		"textureheight": 128,
		"visible_bounds_width": 3,
		"visible_bounds_height": 4,
		"visible_bounds_offset": [0, 1, 0],
		"bones": [
			{
				"name": "head",
				"pivot": [0, 21, 0],
				"cubes": [
					{"origin": [-4, 21, -4], "size": [8, 8, 8], "uv": [0, 0], "mirror": true},
					{"origin": [-4, 21, -4], "size": [8, 8, 8], "uv": [32, 0], "inflate": 0.2}
				]
			},
			{
				"name": "blink",
				"parent": "head",
				"pivot": [0, 18, -5],
				"cubes": [
					{"origin": [-4, 21, -4.001], "size": [8, 8, 0], "uv": [0, 69]}
				]
			},
			{
				"name": "HeadBackRibbon",
				"parent": "head",
				"pivot": [0, 0, -2.5],
				"cubes": [
					{"origin": [-2, 20.8, 3.5], "size": [2, 1, 1], "uv": [58, 99]},
					{"origin": [0, 20.8, 3.5], "size": [2, 1, 1], "uv": [65, 99]},
					{"origin": [-1.5, 20.8, 4], "size": [1, 1, 1], "uv": [58, 102]},
					{"origin": [0.5, 20.8, 4], "size": [1, 1, 1], "uv": [58, 105]},
					{"origin": [-2, 20.8, 3.5], "size": [1, 1, 1], "uv": [63, 102]},
					{"origin": [-0.5, 21.3, 3.5], "size": [1, 1, 1], "uv": [63, 105]},
					{"origin": [-0.5, 21.3, 4], "size": [1, 1, 1], "uv": [68, 105]},
					{"origin": [1, 20.8, 3.5], "size": [1, 1, 1], "uv": [68, 102]},
					{"origin": [-2, 21.1, 3.4], "size": [4, 1, 1], "uv": [58, 112], "inflate": -0.1},
					{"origin": [-2, 21.1, 3.8], "size": [4, 1, 1], "uv": [58, 115], "inflate": -0.1},
					{"origin": [1, 20.7, 3.4], "size": [1, 1, 1], "uv": [58, 118], "inflate": -0.1},
					{"origin": [-2, 20.7, 3.4], "size": [1, 1, 1], "uv": [58, 118], "inflate": -0.1},
					{"origin": [-1.54, 21.1, 3.4], "size": [1, 1, 1], "uv": [63, 118], "inflate": -0.1},
					{"origin": [0.54, 21.1, 3.4], "size": [1, 1, 1], "uv": [63, 118], "inflate": -0.1}
				]
			},
			{
				"name": "bone16",
				"parent": "HeadBackRibbon",
				"pivot": [-0.5, 20.8, 4.05],
				"rotation": [7.5, 0, 7.5],
				"cubes": [
					{"origin": [-1.05, 18.9, 3.55], "size": [1, 2, 1], "uv": [58, 108], "inflate": -0.1},
					{"origin": [-1.45, 18.9, 3.95], "size": [1, 2, 1], "uv": [63, 108], "inflate": -0.1}
				]
			},
			{
				"name": "bone17",
				"parent": "HeadBackRibbon",
				"pivot": [0.5, 20.8, 4.05],
				"rotation": [7.5, 0, -7.5],
				"cubes": [
					{"origin": [0.45, 18.9, 3.55], "size": [1, 2, 1], "uv": [58, 108], "inflate": -0.1},
					{"origin": [0.05, 18.9, 3.95], "size": [1, 2, 1], "uv": [63, 108], "inflate": -0.1}
				]
			},
			{
				"name": "BackHairTrue",
				"parent": "head",
				"pivot": [-0.5, -6.4, -4.5]
			},
			{
				"name": "BackHair",
				"parent": "BackHairTrue",
				"pivot": [-0.1, 27.6, 4.5],
				"rotation": [0, -7.5, 0],
				"cubes": [
					{"origin": [-0.1, 26.6, 3.5], "size": [1, 1, 1], "uv": [28, 80]},
					{"origin": [2.9, 27.6, 3.5], "size": [2, 1, 1], "uv": [21, 80]},
					{"origin": [3.4, 25.6, 3.5], "size": [1, 2, 1], "uv": [21, 83]},
					{"origin": [3.4, 27.1, 3.5], "size": [1, 1, 1], "uv": [26, 83]},
					{"origin": [2.9, 27.6, 3.5], "size": [1, 1, 1], "uv": [31, 83]},
					{"origin": [2.9, 25.1, 3.5], "size": [1, 1, 1], "uv": [31, 83]},
					{"origin": [0.9, 26.6, 3.5], "size": [1, 1, 1], "uv": [31, 83]},
					{"origin": [1.4, 27.1, 3.5], "size": [1, 1, 1], "uv": [31, 83]},
					{"origin": [1.9, 28.1, 3.5], "size": [1, 1, 1], "uv": [36, 83]},
					{"origin": [1.4, 27.6, 3.5], "size": [1, 1, 1], "uv": [36, 83]},
					{"origin": [1.9, 28.1, 3.5], "size": [1, 1, 1], "uv": [41, 83]},
					{"origin": [1.4, 27.6, 3.5], "size": [1, 1, 1], "uv": [21, 87]},
					{"origin": [1.4, 26.6, 3.5], "size": [1, 1, 1], "uv": [31, 86]},
					{"origin": [2.9, 27.1, 3.5], "size": [1, 1, 1], "uv": [26, 86]},
					{"origin": [0.9, 27.6, 3.5], "size": [1, 1, 1], "uv": [36, 86]},
					{"origin": [-0.1, 27.1, 3.5], "size": [1, 1, 1], "uv": [41, 86]},
					{"origin": [0.9, 27.1, 3.5], "size": [2, 1, 1], "uv": [33, 80]},
					{"origin": [1.4, 28.1, 3.5], "size": [2, 1, 1], "uv": [40, 80]},
					{"origin": [3.4, 26.1, 3.5], "size": [1, 1, 1], "uv": [36, 83]},
					{"origin": [2.9, 25.6, 3.5], "size": [1, 1, 1], "uv": [26, 89]},
					{"origin": [2.4, 25.1, 3.5], "size": [1, 1, 1], "uv": [31, 89]},
					{"origin": [2.4, 25.1, 3.5], "size": [1, 1, 1], "uv": [36, 89]},
					{"origin": [1.9, 25.1, 3.5], "size": [1, 1, 1], "uv": [41, 89]},
					{"origin": [1.4, 25.6, 3.5], "size": [1, 1, 1], "uv": [46, 89]},
					{"origin": [-0.6, 25.1, 4], "size": [5, 4, 1], "uv": [27, 92]}
				]
			},
			{
				"name": "BackHair2",
				"parent": "BackHairTrue",
				"pivot": [0.1, 27.6, 4.5],
				"rotation": [-180, -7.5, 180],
				"cubes": [
					{"origin": [0.1, 26.6, 4], "size": [1, 1, 1], "uv": [28, 80]},
					{"origin": [3.1, 27.6, 4], "size": [2, 1, 1], "uv": [21, 80]},
					{"origin": [3.6, 25.6, 4], "size": [1, 2, 1], "uv": [21, 83]},
					{"origin": [3.6, 27.1, 4], "size": [1, 1, 1], "uv": [26, 83]},
					{"origin": [3.1, 27.6, 4], "size": [1, 1, 1], "uv": [31, 83]},
					{"origin": [3.1, 25.1, 4], "size": [1, 1, 1], "uv": [31, 83]},
					{"origin": [1.1, 26.6, 4], "size": [1, 1, 1], "uv": [31, 83]},
					{"origin": [1.6, 27.1, 4], "size": [1, 1, 1], "uv": [31, 83]},
					{"origin": [2.1, 28.1, 4], "size": [1, 1, 1], "uv": [36, 83]},
					{"origin": [1.6, 27.6, 4], "size": [1, 1, 1], "uv": [36, 83]},
					{"origin": [2.1, 28.1, 4], "size": [1, 1, 1], "uv": [41, 83]},
					{"origin": [1.6, 27.6, 4], "size": [1, 1, 1], "uv": [21, 87]},
					{"origin": [1.6, 26.6, 4], "size": [1, 1, 1], "uv": [31, 86]},
					{"origin": [3.1, 27.1, 4], "size": [1, 1, 1], "uv": [26, 86]},
					{"origin": [1.1, 27.6, 4], "size": [1, 1, 1], "uv": [36, 86]},
					{"origin": [0.1, 27.1, 4], "size": [1, 1, 1], "uv": [41, 86]},
					{"origin": [1.1, 27.1, 4], "size": [2, 1, 1], "uv": [33, 80]},
					{"origin": [1.6, 28.1, 4], "size": [2, 1, 1], "uv": [40, 80]},
					{"origin": [3.6, 26.1, 4], "size": [1, 1, 1], "uv": [36, 83]},
					{"origin": [3.1, 25.6, 4], "size": [1, 1, 1], "uv": [26, 89]},
					{"origin": [2.6, 25.1, 4], "size": [1, 1, 1], "uv": [31, 89]},
					{"origin": [2.6, 25.1, 4], "size": [1, 1, 1], "uv": [36, 89]},
					{"origin": [2.1, 25.1, 4], "size": [1, 1, 1], "uv": [41, 89]},
					{"origin": [1.6, 25.6, 4], "size": [1, 1, 1], "uv": [46, 89]},
					{"origin": [-0.4, 25.1, 4.5], "size": [5, 4, 1], "uv": [27, 92]}
				]
			},
			{
				"name": "HeadBackTie2",
				"parent": "BackHairTrue",
				"pivot": [-0.5, 26, 3.6]
			},
			{
				"name": "bone18",
				"parent": "HeadBackTie2",
				"pivot": [-0.5, 26, 3.6],
				"cubes": [
					{"origin": [-1.5, 26, 3.6], "size": [3, 1, 1], "uv": [69, 108]},
					{"origin": [-1.5, 26, 4.1], "size": [3, 1, 1], "uv": [69, 111]},
					{"origin": [0, 25, 3.6], "size": [1, 1, 1], "uv": [69, 114]},
					{"origin": [-1.5, 25, 3.6], "size": [1, 1, 1], "uv": [69, 114]},
					{"origin": [0.5, 25, 4.1], "size": [1, 1, 1], "uv": [69, 117]},
					{"origin": [-1, 25, 4.1], "size": [1, 1, 1], "uv": [69, 117]}
				]
			},
			{
				"name": "bone19",
				"parent": "HeadBackTie2",
				"pivot": [-0.5, 23.1, 3.7],
				"cubes": [
					{"origin": [-1, 25.1, 3.7], "size": [2, 2, 1], "uv": [68, 120]},
					{"origin": [-1, 25.1, 4.2], "size": [2, 2, 1], "uv": [68, 124]},
					{"origin": [-1.5, 25.6, 3.7], "size": [1, 1, 1], "uv": [63, 121]},
					{"origin": [0.5, 25.6, 4.2], "size": [1, 1, 1], "uv": [63, 124]},
					{"origin": [-0.5, 26.6, 4.2], "size": [1, 1, 1], "uv": [58, 121]}
				]
			},
			{
				"name": "armRight",
				"pivot": [-3, 19.5, 0],
				"rotation": [0, 0, 25],
				"cubes": [
					{"origin": [-5.21131, 10.95318, -1], "size": [2, 8, 2], "uv": [0, 81], "inflate": 0.1},
					{"origin": [-5.71131, 11.20318, -1.5], "size": [3, 8, 3], "uv": [0, 92], "inflate": -0.2}
				]
			},
			{
				"name": "armLeft",
				"pivot": [3, 19.5, 0],
				"rotation": [0, 0, -25],
				"cubes": [
					{"origin": [3.21131, 10.95318, -1], "size": [2, 8, 2], "uv": [10, 81], "inflate": 0.1},
					{"origin": [2.71131, 11.20318, -1.5], "size": [3, 8, 3], "uv": [14, 92], "inflate": -0.2}
				]
			},
			{
				"name": "body",
				"pivot": [0, 10.5, 0],
				"cubes": [
					{"origin": [-4, 8.999, -2.3], "size": [8, 12, 4.6], "uv": [16, 16], "inflate": -0.1},
					{"origin": [-4.2, 8.699, -2.4], "size": [8.4, 12.6, 4.8], "uv": [16, 32], "inflate": -0.1}
				]
			},
			{
				"name": "Guuba",
				"parent": "body",
				"pivot": [3.8, 15.6, -2],
				"rotation": [-3.88714, 27.24513, -8.44236]
			},
			{
				"name": "bone5",
				"parent": "Guuba",
				"pivot": [-6, 10.9, 4],
				"cubes": [
					{"origin": [3.25, 9.9, -4.5], "size": [1, 2, 5], "uv": [92, 67]},
					{"origin": [3.75, 9.4, -4], "size": [1, 2, 1], "uv": [92, 75]},
					{"origin": [3.75, 10.4, -4.5], "size": [1, 1, 2], "uv": [97, 75]},
					{"origin": [3.75, 10.4, -1.5], "size": [1, 1, 2], "uv": [85, 75]},
					{"origin": [3.75, 10.4, -5], "size": [1, 1, 1], "uv": [85, 79]},
					{"origin": [3.75, 9.4, -4], "size": [1, 1, 1], "uv": [85, 82]},
					{"origin": [3.75, 9.9, -4.5], "size": [1, 1, 1], "uv": [80, 82]},
					{"origin": [3.75, 10.4, -1], "size": [1, 1, 1], "uv": [80, 79]},
					{"origin": [3.75, 9.4, -1], "size": [1, 1, 1], "uv": [75, 79]},
					{"origin": [3.75, 10.9, -1], "size": [1, 1, 1], "uv": [75, 82]},
					{"origin": [3.75, 9.9, -1.5], "size": [1, 1, 1], "uv": [75, 85]},
					{"origin": [3.75, 9.9, -4.5], "size": [1, 1, 2], "uv": [104, 75]},
					{"origin": [3.75, 9.9, -1.5], "size": [1, 1, 2], "uv": [104, 75]}
				]
			},
			{
				"name": "bone3",
				"parent": "Guuba",
				"pivot": [-5.7, 1.6, 4],
				"cubes": [
					{"origin": [3.55, 10.6, -2.5], "size": [1, 1, 1], "uv": [84, 88]},
					{"origin": [3.55, 8.6, -2.5], "size": [1, 2, 1], "uv": [84, 91]}
				]
			},
			{
				"name": "bone4",
				"parent": "bone3",
				"pivot": [4.6, 11.5, -2],
				"rotation": [0, -45, 0],
				"cubes": [
					{"origin": [3.6, 10.1, -2], "size": [1, 1, 1], "uv": [84, 94]},
					{"origin": [3.6, 9.6, -2], "size": [1, 1, 1], "uv": [84, 97]}
				]
			},
			{
				"name": "bone2",
				"parent": "Guuba",
				"pivot": [-5.7, 1.6, 4],
				"cubes": [
					{"origin": [3.3, 11.6, -4], "size": [1, 4, 4], "uv": [96, 104], "inflate": -0.1},
					{"origin": [3.7, 11.6, -4.1], "size": [1, 4, 4.2], "uv": [85, 102], "inflate": -0.1},
					{"origin": [3.3, 11.6, -3.535], "size": [1, 4, 4], "uv": [106, 103], "inflate": -0.1},
					{"origin": [3.3, 10.65, -3.52], "size": [1, 4, 4], "uv": [118, 101], "inflate": -0.1},
					{"origin": [3.3, 11.6, -4.465], "size": [1, 4, 4], "uv": [106, 111], "inflate": -0.1},
					{"origin": [3.3, 11.6, -3.54], "size": [1, 4, 4], "uv": [83, 120], "inflate": -0.1},
					{"origin": [3.3, 11.6, -4.47], "size": [1, 4, 4], "uv": [83, 111], "inflate": -0.1},
					{"origin": [3.3, 12.06, -4], "size": [1, 4, 4], "uv": [95, 113], "inflate": -0.1},
					{"origin": [3.3, 10.18, -4], "size": [1, 4, 4], "uv": [106, 119], "inflate": -0.1},
					{"origin": [3.3, 11.6, -6.86], "size": [1, 4, 4], "uv": [117, 110], "inflate": -0.1},
					{"origin": [3.3, 11.6, -1.14], "size": [1, 4, 4], "uv": [117, 119], "inflate": -0.1}
				]
			},
			{
				"name": "bone",
				"parent": "Guuba",
				"pivot": [-5.7, 1.6, 4],
				"cubes": [
					{"origin": [3.3, 11.6, -4.5], "size": [1, 4, 5], "uv": [93, 92]},
					{"origin": [3.8, 11.6, -4.5], "size": [1, 4, 5], "uv": [106, 94]},
					{"origin": [3.3, 11.6, -1], "size": [1, 4, 1], "uv": [93, 82]},
					{"origin": [3.3, 11.6, -4], "size": [1, 4, 1], "uv": [98, 82]},
					{"origin": [3.3, 14.1, -4.5], "size": [1, 1, 1], "uv": [103, 82]},
					{"origin": [3.3, 14.1, 0], "size": [1, 1, 1], "uv": [103, 82]},
					{"origin": [3.3, 13.6, -0.5], "size": [1, 1, 1], "uv": [103, 85]},
					{"origin": [3.3, 13.6, -5], "size": [1, 1, 1], "uv": [103, 85]},
					{"origin": [3.3, 11.1, -3.5], "size": [1, 1, 1], "uv": [103, 88]},
					{"origin": [3.3, 11.1, -1.5], "size": [1, 1, 1], "uv": [103, 91]},
					{"origin": [3.3, 12.1, -0.5], "size": [1, 1, 1], "uv": [108, 86]},
					{"origin": [3.3, 12.1, -4], "size": [1, 1, 1], "uv": [108, 86]},
					{"origin": [3.3, 12.6, -3], "size": [1, 1, 2], "uv": [108, 82]}
				]
			},
			{
				"name": "Vision",
				"parent": "body",
				"pivot": [-3.9, 13.3, -0.3],
				"rotation": [0, -7.5, 12.5],
				"cubes": [
					{"origin": [-4.4, 9.4, -2.1], "size": [1.05, 3.6, 3.6], "uv": [109, 11]},
					{"origin": [-5.05, 9.4, -2.1], "size": [1.05, 3.6, 3.6], "uv": [109, 4]}
				]
			},
			{
				"name": "bone6",
				"parent": "Vision",
				"pivot": [-4.7, 11.2, -0.3],
				"rotation": [45, 0, 0],
				"cubes": [
					{"origin": [-4.45, 9.7, -1.8], "size": [1, 3, 3], "uv": [100, 18]},
					{"origin": [-4.95, 9.7, -1.8], "size": [1, 3, 3], "uv": [109, 18]},
					{"origin": [-4.7, 10.2, -1.3], "size": [1, 2, 2], "uv": [100, 13]}
				]
			},
			{
				"name": "Tie",
				"parent": "Vision",
				"pivot": [-3.2, 9.3, -0.3],
				"rotation": [0, 0, 7.5]
			},
			{
				"name": "bone7",
				"parent": "Tie",
				"pivot": [-3.7, 9.5, -0.3],
				"cubes": [
					{"origin": [-4.45, 8, -2.8], "size": [1, 2, 5], "uv": [96, 26]},
					{"origin": [-3.95, 7.5, -2.3], "size": [1, 2, 1], "uv": [96, 34]},
					{"origin": [-3.95, 8.5, -2.8], "size": [1, 1, 2], "uv": [96, 38]},
					{"origin": [-3.95, 8.5, 0.2], "size": [1, 1, 2], "uv": [96, 42]},
					{"origin": [-3.95, 8.5, -3.3], "size": [1, 1, 1], "uv": [96, 46]},
					{"origin": [-3.95, 7.5, -2.3], "size": [1, 1, 1], "uv": [96, 49]},
					{"origin": [-3.95, 8, -2.8], "size": [1, 1, 1], "uv": [96, 52]},
					{"origin": [-3.95, 8.5, 0.7], "size": [1, 1, 1], "uv": [96, 55]},
					{"origin": [-3.95, 7.5, 0.7], "size": [1, 1, 1], "uv": [91, 35]},
					{"origin": [-3.95, 9, 0.7], "size": [1, 1, 1], "uv": [90, 38]},
					{"origin": [-3.95, 8, 0.2], "size": [1, 1, 1], "uv": [90, 41]},
					{"origin": [-3.95, 8, -2.8], "size": [1, 1, 2], "uv": [87, 44]},
					{"origin": [-3.95, 8, 0.2], "size": [1, 1, 2], "uv": [88, 48]},
					{"origin": [-4.2, 8.25, -0.8], "size": [1, 1, 1], "uv": [89, 52]}
				]
			},
			{
				"name": "bone8",
				"parent": "Tie",
				"pivot": [-4.1, 8.25, -0.3],
				"rotation": [10, 0, 0],
				"cubes": [
					{"origin": [-4.1, 6.25, -0.3], "size": [1, 2, 1], "uv": [88, 55]},
					{"origin": [-4.6, 6.25, -0.8], "size": [1, 2, 1], "uv": [88, 59]}
				]
			},
			{
				"name": "bone9",
				"parent": "Tie",
				"pivot": [-4.1, 8.25, -0.3],
				"rotation": [-10, 0, 0],
				"cubes": [
					{"origin": [-4.1, 6.25, -0.8], "size": [1, 2, 1], "uv": [83, 51]},
					{"origin": [-4.6, 6.25, -1.3], "size": [1, 2, 1], "uv": [83, 59]}
				]
			},
			{
				"name": "frontBodyTie",
				"parent": "body",
				"pivot": [0, 17.5, -2.3],
				"rotation": [-10, 0, 0],
				"cubes": [
					{"origin": [-2, 15.5, -2.3], "size": [4, 2, 1], "uv": [77, 34]},
					{"origin": [-2, 15.5, -2.25], "size": [4, 2, 1], "uv": [77, 39], "inflate": 0.1}
				]
			},
			{
				"name": "BackBodyTie",
				"parent": "body",
				"pivot": [0, 16.5, 2.3],
				"rotation": [172.5, 0, 180],
				"cubes": [
					{"origin": [-2, 14.5, 2.3], "size": [4, 2, 1], "uv": [78, 22]},
					{"origin": [-2, 14.5, 2.35], "size": [4, 2, 1], "uv": [78, 15], "inflate": 0.1}
				]
			},
			{
				"name": "BackBigTie",
				"parent": "body",
				"pivot": [0, 14, 2.2],
				"rotation": [10, 0, 0],
				"cubes": [
					{"origin": [-4, 13, 2.2], "size": [8, 1, 1], "uv": [78, 0]},
					{"origin": [3, 12, 2.2], "size": [1, 1, 1], "uv": [78, 3]},
					{"origin": [-4, 12, 2.2], "size": [1, 1, 1], "uv": [83, 3]},
					{"origin": [2, 11, 2.2], "size": [2, 1, 1], "uv": [78, 6]},
					{"origin": [-4, 11, 2.2], "size": [2, 1, 1], "uv": [85, 6]},
					{"origin": [-1, 11.5, 2.2], "size": [2, 2, 1], "uv": [78, 9]},
					{"origin": [-0.5, 11, 2.2], "size": [1, 1, 1], "uv": [85, 9]},
					{"origin": [1, 13, 2.2], "size": [1, 1, 1], "uv": [90, 9]},
					{"origin": [-2, 13, 2.2], "size": [1, 1, 1], "uv": [90, 9]}
				]
			},
			{
				"name": "bone10",
				"parent": "BackBigTie",
				"pivot": [0, 0, -9.8],
				"cubes": [
					{"origin": [-4, 11.6, 2.2], "size": [8, 2, 1], "uv": [72, 26], "inflate": -0.1},
					{"origin": [-1.5, 7.4, 2.2], "size": [3, 4, 1], "uv": [67, 16], "inflate": -0.1},
					{"origin": [-1.5, 7, 2.2], "size": [3, 1, 1], "uv": [67, 22], "inflate": -0.1},
					{"origin": [-1, 6.6, 2.2], "size": [2, 1, 1], "uv": [65, 25], "inflate": -0.1},
					{"origin": [-4, 11.2, 2.2], "size": [8, 1, 1], "uv": [72, 30], "inflate": -0.1}
				]
			},
			{
				"name": "bone11",
				"parent": "BackBigTie",
				"pivot": [0, 0.5, -2.8],
				"cubes": [
					{"origin": [0.7, 4, 2.2], "size": [1, 2, 1], "uv": [71, 5], "inflate": 0.1},
					{"origin": [-1.7, 4, 2.2], "size": [1, 2, 1], "uv": [66, 5], "inflate": 0.1},
					{"origin": [-1, 3.5, 2.2], "size": [2, 3, 1], "uv": [66, 0], "inflate": 0.2}
				]
			},
			{
				"name": "bone12",
				"parent": "BackBigTie",
				"pivot": [0, 3.3, 2.2],
				"rotation": [0, 0, 10],
				"cubes": [
					{"origin": [-1, 0.3, 2.2], "size": [1, 3, 1], "uv": [60, 28]}
				]
			},
			{
				"name": "bone13",
				"parent": "BackBigTie",
				"pivot": [0, 3.3, 2.2],
				"rotation": [0, 0, -10],
				"cubes": [
					{"origin": [0, 0.3, 2.2], "size": [1, 3, 1], "uv": [65, 28]}
				]
			},
			{
				"name": "skirt",
				"parent": "body",
				"pivot": [0, 7, -2]
			},
			{
				"name": "bone14",
				"parent": "skirt",
				"pivot": [0, 9.4, -2.2],
				"rotation": [-5, 0, 0],
				"cubes": [
					{"origin": [-3.2, 3.4, -2.21], "size": [7, 6, 1], "uv": [58, 41]},
					{"origin": [-3, 3.2, -2.3], "size": [6, 6, 1], "uv": [59, 33], "inflate": -0.1}
				]
			},
			{
				"name": "bone15",
				"parent": "skirt",
				"pivot": [0, 9.2, 2.3],
				"cubes": [
					{"origin": [-4, 2.2, -0.7], "size": [8, 7, 3], "uv": [60, 66], "inflate": -0.1},
					{"origin": [-4, 2.2, -0.7], "size": [8, 7, 3], "uv": [51, 77]}
				]
			},
			{
				"name": "legLeft",
				"pivot": [1.8, 9, 0],
				"cubes": [
					{"origin": [0.249, 0, -1.5], "size": [3, 9, 3], "uv": [0, 104]},
					{"origin": [0.249, 0, -1.5], "size": [3, 9, 3], "uv": [27, 104], "inflate": 0.1}
				]
			},
			{
				"name": "Deco",
				"parent": "legLeft",
				"pivot": [0, -0.2, 0],
				"cubes": [
					{"origin": [0.25, 6.8, -1.5], "size": [3, 1, 3], "uv": [24, 70], "inflate": 0.2},
					{"origin": [0.25, 7.5, -1.5], "size": [3, 1, 3], "uv": [24, 75], "inflate": 0.2}
				]
			},
			{
				"name": "legRight",
				"pivot": [-1.8, 9, 0],
				"cubes": [
					{"origin": [-3.249, 0, -1.5], "size": [3, 9, 3], "uv": [14, 104]},
					{"origin": [-3.249, 0, -1.5], "size": [3, 9, 3], "uv": [40, 104], "inflate": 0.1}
				]
			},
			{
				"name": "bandage",
				"parent": "legRight",
				"pivot": [-1.7, 6.2, -1.7],
				"rotation": [0, 0, 45],
				"cubes": [
					{"origin": [-2.7, 5.7, -1.8], "size": [2, 1, 1], "uv": [17, 70], "inflate": -0.1},
					{"origin": [-2.2, 5.2, -1.7], "size": [1, 2, 1], "uv": [17, 73], "inflate": -0.1}
				]
			},
			{
				"name": "backpackPositioningBone",
				"pivot": [0, 19, 0]
			}
		]
	}
}