{
	"pack_name": "{maid_pack.takanashi_hoshino_sound_pack.name}",
	"model_list": [
		{
			"model_id": "takanashi_hoshino_sound_pack:takanashi_hoshino",
			"is_gecko": true,
			"render_entity_scale": 0.6,
			"description": ["{model.takanashi_hoshino_sound_pack.takanashi_hoshino.desc}"],
			"use_sound_pack_id": "takanashi_hoshino_sound_pack"
		}
	],
	"version": "1.0.0",
	"author": ["木宁苒"],
	"description": ["{maid_pack.takanashi_hoshino_sound_pack.desc}"],
	"date": "2023-12-10",
	"icon": "takanashi_hoshino_sound_pack:textures/maid_icon.png"
}