{
	"format_version": "1.8.0",
	"animations": {
		"extra1": {
			"loop": "hold_on_last_frame",
			"animation_length": 3.20833,
			"bones": {
				"Root": {
					"rotation": [0, 0, 0],
					"scale": 1
				},
				"UpperBody": {
					"rotation": {
						"0.0": [0, 0, 0],
						"0.0417": [0, -0.78, 0.03],
						"0.0833": [0, -1.5, 0],
						"0.125": [-0.02, -1.63, -0.34],
						"0.1667": [-0.02, -1.54, -0.46],
						"0.2083": [-0.02, -1, -0.5],
						"0.25": [-0.01, 0.05, -0.19],
						"0.2917": [0.03, 2.3, 0.57],
						"0.3333": [0.05, 3.34, 0.94],
						"0.375": [0.05, 3.31, 0.95],
						"0.4167": [0.03, 2.11, 0.59],
						"0.4583": [0, 0.48, 0.09],
						"0.5": [-0.02, -0.77, -0.36],
						"0.5417": [-0.02, 0.83, -0.5],
						"0.5833": [-0.02, 1.73, -0.5],
						"0.625": [-0.02, 2.55, -0.5],
						"0.6667": [-0.02, 2.79, -0.5],
						"0.7083": [-0.02, -1, -0.5],
						"0.75": [-0.01, 0.05, -0.19],
						"0.7917": [0.03, 2.3, 0.57],
						"0.8333": [0.05, 3.34, 0.94],
						"0.875": [0.05, 3.31, 0.95],
						"0.9167": [0.03, 2.11, 0.59],
						"0.9583": [0, 0.48, 0.09],
						"1.0": [-0.02, -0.77, -0.36],
						"1.0417": [-0.02, 0.83, -0.5],
						"1.0833": [-0.02, 1.73, -0.5],
						"1.125": [-0.02, 2.55, -0.5],
						"1.1667": [-0.02, 2.79, -0.5],
						"1.2083": [-0.02, -1, -0.5],
						"1.25": [-0.01, 0.05, -0.19],
						"1.2917": [0.03, 2.3, 0.57],
						"1.3333": [0.05, 3.34, 0.94],
						"1.375": [0.05, 3.31, 0.95],
						"1.4167": [0.03, 2.11, 0.59],
						"1.4583": [0, 0.48, 0.09],
						"1.5": [-0.02, -0.77, -0.36],
						"1.5417": [-0.02, 0.83, -0.5],
						"1.5833": [-0.02, 1.73, -0.5],
						"1.625": [-0.02, 2.55, -0.5],
						"1.6667": [-0.02, 2.79, -0.5],
						"1.7083": [-0.02, -1, -0.5],
						"1.75": [-0.01, 0.05, -0.19],
						"1.7917": [0.03, 2.3, 0.57],
						"1.8333": [0.05, 3.34, 0.94],
						"1.875": [0.05, 3.31, 0.95],
						"1.9167": [0.03, 2.11, 0.59],
						"1.9583": [0, 0.48, 0.09],
						"2.0": [-0.02, -0.77, -0.36],
						"2.0417": [-0.02, 0.83, -0.5],
						"2.0833": [-0.02, 1.73, -0.5],
						"2.125": [-0.02, 2.55, -0.5],
						"2.1667": [-0.02, 2.79, -0.5],
						"2.2083": [-0.02, -1, -0.5],
						"2.25": [-0.01, 0.05, -0.19],
						"2.2917": [0.03, 2.3, 0.57],
						"2.3333": [0.05, 3.34, 0.94],
						"2.375": [0.05, 3.31, 0.95],
						"2.4167": [0.03, 2.11, 0.59],
						"2.4583": [0, 0.48, 0.09],
						"2.5": [-0.02, -0.77, -0.36],
						"2.5417": [-0.02, 0.83, -0.5],
						"2.5833": [-0.02, 1.73, -0.5],
						"2.625": [-0.02, 2.55, -0.5],
						"2.6667": [-0.02, 2.79, -0.5],
						"2.7083": [-0.02, -1, -0.5],
						"2.75": [-0.01, 0.05, -0.19],
						"2.7917": [0.03, 2.3, 0.57],
						"2.8333": [0.05, 3.34, 0.94],
						"2.875": [0.05, 3.31, 0.95],
						"2.9167": [0.03, 2.11, 0.59],
						"2.9583": [0, 0.48, 0.09],
						"3.0": [-0.02, -0.77, -0.36],
						"3.0417": [-0.02, 0.83, -0.5],
						"3.0833": [-0.02, 1.73, -0.5],
						"3.125": [-0.02, 2.55, -0.5],
						"3.1667": [-0.02, 2.79, -0.5],
						"3.2083": [-0.02, 2.75, -0.5]
					},
					"position": [0, 0, 0]
				},
				"LeftArm": {
					"rotation": {
						"0.0": [0, 0, 0],
						"0.0417": [-6.78, -3.12, 10.04],
						"0.0833": [-12.25, -6.72, 17.59],
						"0.125": [-7, -8.6, 4.61],
						"0.1667": [-2.83, -10.1, 1.64],
						"0.2083": [-1.75, -10.49, -2.29],
						"0.25": [-1.22, -10.71, -2.53],
						"0.2917": [-1.95, -10.51, 0.54],
						"0.3333": [-2.56, -10.33, 2.48],
						"0.375": [-2.63, -10.3, 2.61],
						"0.4167": [-2.41, -10.35, 1.41],
						"0.4583": [-2.1, -10.41, -0.31],
						"0.5": [-1.83, -10.47, -1.82],
						"0.5417": [-1.75, -10.49, -2.79],
						"0.5833": [-1.75, -10.49, -3.39],
						"0.625": [-1.75, -10.49, -3.6],
						"0.6667": [-1.75, -10.49, -3],
						"0.7083": [-1.75, -10.49, -2.29],
						"0.75": [-1.22, -10.71, -2.53],
						"0.7917": [-1.95, -10.51, 0.54],
						"0.8333": [-2.56, -10.33, 2.48],
						"0.875": [-2.63, -10.3, 2.61],
						"0.9167": [-2.41, -10.35, 1.41],
						"0.9583": [-2.1, -10.41, -0.31],
						"1.0": [-1.83, -10.47, -1.82],
						"1.0417": [-1.75, -10.49, -2.79],
						"1.0833": [-1.75, -10.49, -3.39],
						"1.125": [-1.75, -10.49, -3.6],
						"1.1667": [-1.75, -10.49, -3],
						"1.2083": [-1.75, -10.49, -2.29],
						"1.25": [-1.22, -10.71, -2.53],
						"1.2917": [-1.95, -10.51, 0.54],
						"1.3333": [-2.56, -10.33, 2.48],
						"1.375": [-2.63, -10.3, 2.61],
						"1.4167": [-2.41, -10.35, 1.41],
						"1.4583": [-2.1, -10.41, -0.31],
						"1.5": [-1.83, -10.47, -1.82],
						"1.5417": [-1.75, -10.49, -2.79],
						"1.5833": [-1.75, -10.49, -3.39],
						"1.625": [-1.75, -10.49, -3.6],
						"1.6667": [-1.75, -10.49, -3],
						"1.7083": [-1.75, -10.49, -2.29],
						"1.75": [-1.22, -10.71, -2.53],
						"1.7917": [-1.95, -10.51, 0.54],
						"1.8333": [-2.56, -10.33, 2.48],
						"1.875": [-2.63, -10.3, 2.61],
						"1.9167": [-2.41, -10.35, 1.41],
						"1.9583": [-2.1, -10.41, -0.31],
						"2.0": [-1.83, -10.47, -1.82],
						"2.0417": [-1.75, -10.49, -2.79],
						"2.0833": [-1.75, -10.49, -3.39],
						"2.125": [-1.75, -10.49, -3.6],
						"2.1667": [-1.75, -10.49, -3],
						"2.2083": [-1.75, -10.49, -2.29],
						"2.25": [-1.22, -10.71, -2.53],
						"2.2917": [-1.95, -10.51, 0.54],
						"2.3333": [-2.56, -10.33, 2.48],
						"2.375": [-2.63, -10.3, 2.61],
						"2.4167": [-2.41, -10.35, 1.41],
						"2.4583": [-2.1, -10.41, -0.31],
						"2.5": [-1.83, -10.47, -1.82],
						"2.5417": [-1.75, -10.49, -2.79],
						"2.5833": [-1.75, -10.49, -3.39],
						"2.625": [-1.75, -10.49, -3.6],
						"2.6667": [-1.75, -10.49, -3],
						"2.7083": [-1.75, -10.49, -2.29],
						"2.75": [-1.22, -10.71, -2.53],
						"2.7917": [-1.95, -10.51, 0.54],
						"2.8333": [-2.56, -10.33, 2.48],
						"2.875": [-2.63, -10.3, 2.61],
						"2.9167": [-2.41, -10.35, 1.41],
						"2.9583": [-2.1, -10.41, -0.31],
						"3.0": [-1.83, -10.47, -1.82],
						"3.0417": [-1.75, -10.49, -2.79],
						"3.0833": [-1.75, -10.49, -3.39],
						"3.125": [-1.75, -10.49, -3.6],
						"3.1667": [-1.75, -10.49, -3],
						"3.2083": [-1.75, -10.49, -2.29]
					},
					"position": [0, 0, 0]
				},
				"LeftForeArm": {
					"rotation": [0, 0, 0],
					"position": [0, 0, 0]
				},
				"RightArm": {
					"rotation": {
						"0.0": [0, 0, 0],
						"0.0417": [-59.42, -21.71, 37.06],
						"0.0833": [-73.42, -8.49, 94.21],
						"0.125": [1.96, 33.61, 140.7],
						"0.1667": [31.52, 50.19, 155.44],
						"0.2083": [62.35, 75.05, 168.42],
						"0.25": [42.08, 82.58, 153.11],
						"0.2917": [-27.48, 84.07, 105.69],
						"0.3333": [-64.73, 83, 80.38],
						"0.375": [-68.61, 83.22, 76.87],
						"0.4167": [-42.81, 82.9, 92.88],
						"0.4583": [-4.45, 82.05, 117.27],
						"0.5": [29.72, 81.23, 139.09],
						"0.5417": [45.34, 80.91, 148.99],
						"0.5833": [47.85, 80.86, 150.56],
						"0.625": [46.97, 80.88, 150.01],
						"0.6667": [42.62, 80.96, 147.27],
						"0.7083": [62.35, 75.05, 168.42],
						"0.75": [42.08, 82.58, 153.11],
						"0.7917": [-27.48, 84.07, 105.69],
						"0.8333": [-64.73, 83, 80.38],
						"0.875": [-68.61, 83.22, 76.87],
						"0.9167": [-42.81, 82.9, 92.88],
						"0.9583": [-4.45, 82.05, 117.27],
						"1.0": [29.72, 81.23, 139.09],
						"1.0417": [45.34, 80.91, 148.99],
						"1.0833": [47.85, 80.86, 150.56],
						"1.125": [46.97, 80.88, 150.01],
						"1.1667": [42.62, 80.96, 147.27],
						"1.2083": [62.35, 75.05, 168.42],
						"1.25": [42.08, 82.58, 153.11],
						"1.2917": [-27.48, 84.07, 105.69],
						"1.3333": [-64.73, 83, 80.38],
						"1.375": [-68.61, 83.22, 76.87],
						"1.4167": [-42.81, 82.9, 92.88],
						"1.4583": [-4.45, 82.05, 117.27],
						"1.5": [29.72, 81.23, 139.09],
						"1.5417": [45.34, 80.91, 148.99],
						"1.5833": [47.85, 80.86, 150.56],
						"1.625": [46.97, 80.88, 150.01],
						"1.6667": [42.62, 80.96, 147.27],
						"1.7083": [62.35, 75.05, 168.42],
						"1.75": [42.08, 82.58, 153.11],
						"1.7917": [-27.48, 84.07, 105.69],
						"1.8333": [-64.73, 83, 80.38],
						"1.875": [-68.61, 83.22, 76.87],
						"1.9167": [-42.81, 82.9, 92.88],
						"1.9583": [-4.45, 82.05, 117.27],
						"2.0": [29.72, 81.23, 139.09],
						"2.0417": [45.34, 80.91, 148.99],
						"2.0833": [47.85, 80.86, 150.56],
						"2.125": [46.97, 80.88, 150.01],
						"2.1667": [42.62, 80.96, 147.27],
						"2.2083": [62.35, 75.05, 168.42],
						"2.25": [42.08, 82.58, 153.11],
						"2.2917": [-27.48, 84.07, 105.69],
						"2.3333": [-64.73, 83, 80.38],
						"2.375": [-68.61, 83.22, 76.87],
						"2.4167": [-42.81, 82.9, 92.88],
						"2.4583": [-4.45, 82.05, 117.27],
						"2.5": [29.72, 81.23, 139.09],
						"2.5417": [45.34, 80.91, 148.99],
						"2.5833": [47.85, 80.86, 150.56],
						"2.625": [46.97, 80.88, 150.01],
						"2.6667": [42.62, 80.96, 147.27],
						"2.7083": [62.35, 75.05, 168.42],
						"2.75": [42.08, 82.58, 153.11],
						"2.7917": [-27.48, 84.07, 105.69],
						"2.8333": [-64.73, 83, 80.38],
						"2.875": [-68.61, 83.22, 76.87],
						"2.9167": [-42.81, 82.9, 92.88],
						"2.9583": [-4.45, 82.05, 117.27],
						"3.0": [29.72, 81.23, 139.09],
						"3.0417": [45.34, 80.91, 148.99],
						"3.0833": [47.85, 80.86, 150.56],
						"3.125": [46.97, 80.88, 150.01],
						"3.1667": [42.62, 80.96, 147.27],
						"3.2083": [40, 81.01, 145.63]
					},
					"position": [0, 0, 0]
				},
				"RightForeArm": {
					"rotation": {
						"0.0": [0, 0, 0],
						"0.0417": [-6.84, 0.59, -1.45],
						"0.0833": [-78.93, 1.19, -2.9],
						"0.125": [-15.64, 1.19, -2.9],
						"0.1667": [-3.19, 1.19, -2.9],
						"0.2083": [0.52, 1.19, -2.9],
						"0.25": [-5.57, 1.19, -2.9],
						"0.2917": [-2.21, 1.19, -2.9],
						"0.3333": [-8.93, 1.19, -2.9],
						"0.375": [-32.71, 1.19, -2.9],
						"0.4167": [-35.05, 1.19, -2.9],
						"0.4583": [-24.1, 1.19, -2.9],
						"0.5": [-9.18, 1.19, -2.9],
						"0.5417": [1.33, 1.19, -2.9],
						"0.5833": [5.74, 1.19, -2.9],
						"0.625": [4.48, 1.19, -2.9],
						"0.6667": [0.66, 1.19, -2.9],
						"0.7083": [0.52, 1.19, -2.9],
						"0.75": [-5.57, 1.19, -2.9],
						"0.7917": [-2.21, 1.19, -2.9],
						"0.8333": [-8.93, 1.19, -2.9],
						"0.875": [-32.71, 1.19, -2.9],
						"0.9167": [-35.05, 1.19, -2.9],
						"0.9583": [-24.1, 1.19, -2.9],
						"1.0": [-9.18, 1.19, -2.9],
						"1.0417": [1.33, 1.19, -2.9],
						"1.0833": [5.74, 1.19, -2.9],
						"1.125": [4.48, 1.19, -2.9],
						"1.1667": [0.66, 1.19, -2.9],
						"1.2083": [0.52, 1.19, -2.9],
						"1.25": [-5.57, 1.19, -2.9],
						"1.2917": [-2.21, 1.19, -2.9],
						"1.3333": [-8.93, 1.19, -2.9],
						"1.375": [-32.71, 1.19, -2.9],
						"1.4167": [-35.05, 1.19, -2.9],
						"1.4583": [-24.1, 1.19, -2.9],
						"1.5": [-9.18, 1.19, -2.9],
						"1.5417": [1.33, 1.19, -2.9],
						"1.5833": [5.74, 1.19, -2.9],
						"1.625": [4.48, 1.19, -2.9],
						"1.6667": [0.66, 1.19, -2.9],
						"1.7083": [0.52, 1.19, -2.9],
						"1.75": [-5.57, 1.19, -2.9],
						"1.7917": [-2.21, 1.19, -2.9],
						"1.8333": [-8.93, 1.19, -2.9],
						"1.875": [-32.71, 1.19, -2.9],
						"1.9167": [-35.05, 1.19, -2.9],
						"1.9583": [-24.1, 1.19, -2.9],
						"2.0": [-9.18, 1.19, -2.9],
						"2.0417": [1.33, 1.19, -2.9],
						"2.0833": [5.74, 1.19, -2.9],
						"2.125": [4.48, 1.19, -2.9],
						"2.1667": [0.66, 1.19, -2.9],
						"2.2083": [0.52, 1.19, -2.9],
						"2.25": [-5.57, 1.19, -2.9],
						"2.2917": [-2.21, 1.19, -2.9],
						"2.3333": [-8.93, 1.19, -2.9],
						"2.375": [-32.71, 1.19, -2.9],
						"2.4167": [-35.05, 1.19, -2.9],
						"2.4583": [-24.1, 1.19, -2.9],
						"2.5": [-9.18, 1.19, -2.9],
						"2.5417": [1.33, 1.19, -2.9],
						"2.5833": [5.74, 1.19, -2.9],
						"2.625": [4.48, 1.19, -2.9],
						"2.6667": [0.66, 1.19, -2.9],
						"2.7083": [0.52, 1.19, -2.9],
						"2.75": [-5.57, 1.19, -2.9],
						"2.7917": [-2.21, 1.19, -2.9],
						"2.8333": [-8.93, 1.19, -2.9],
						"2.875": [-32.71, 1.19, -2.9],
						"2.9167": [-35.05, 1.19, -2.9],
						"2.9583": [-24.1, 1.19, -2.9],
						"3.0": [-9.18, 1.19, -2.9],
						"3.0417": [1.33, 1.19, -2.9],
						"3.0833": [5.74, 1.19, -2.9],
						"3.125": [4.48, 1.19, -2.9],
						"3.1667": [0.66, 1.19, -2.9],
						"3.2083": [-3.93, 1.19, -2.9]
					},
					"position": [0, 0, 0]
				},
				"LeftLeg": {
					"rotation": [0, 0, 0],
					"position": [0, 0, 0]
				},
				"LeftLowerLeg": {
					"rotation": [0, 0, 0],
					"position": [0, 0, 0]
				},
				"LeftFoot": {
					"rotation": [0, 0, 0],
					"position": [0, 0, 0]
				},
				"RightLeg": {
					"rotation": [0, 0, 0],
					"position": [0, 0, 0]
				},
				"RightLowerLeg": {
					"rotation": [0, 0, 0],
					"position": [0, 0, 0]
				},
				"RightFoot": {
					"rotation": [0, 0, 0],
					"position": [0, 0, 0]
				},
				"AllBody": {
					"rotation": [0, 0, 0],
					"position": [0, 0, 0],
					"scale": 1
				},
				"Head": {
					"rotation": {
						"0.0": [0, 0, 0],
						"0.0417": [-0.1, -4.53, 1.56],
						"0.0833": [-0.11, -7.49, 2.5],
						"0.125": [0.18, -1.07, -0.11],
						"0.1667": [0.32, 1.78, -1.23],
						"0.2083": [0.55, 5.03, -2.43],
						"0.25": [0.69, 3.63, -1.67],
						"0.2917": [0.89, -1.75, 0.88],
						"0.3333": [0.97, -4.59, 2.21],
						"0.375": [0.97, -4.68, 2.25],
						"0.4167": [0.86, -2.3, 1.1],
						"0.4583": [0.72, 1.1, -0.54],
						"0.5": [0.59, 4.11, -1.99],
						"0.5417": [0.52, 5.51, -2.66],
						"0.5833": [0.51, 5.73, -2.77],
						"0.625": [0.52, 5.65, -2.73],
						"0.6667": [0.54, 5.26, -2.54],
						"0.7083": [0.55, 5.03, -2.43],
						"0.75": [0.69, 3.63, -1.67],
						"0.7917": [0.89, -1.75, 0.88],
						"0.8333": [0.97, -4.59, 2.21],
						"0.875": [0.97, -4.68, 2.25],
						"0.9167": [0.86, -2.3, 1.1],
						"0.9583": [0.72, 1.1, -0.54],
						"1.0": [0.59, 4.11, -1.99],
						"1.0417": [0.52, 5.51, -2.66],
						"1.0833": [0.51, 5.73, -2.77],
						"1.125": [0.52, 5.65, -2.73],
						"1.1667": [0.54, 5.26, -2.54],
						"1.2083": [0.55, 5.03, -2.43],
						"1.25": [0.69, 3.63, -1.67],
						"1.2917": [0.89, -1.75, 0.88],
						"1.3333": [0.97, -4.59, 2.21],
						"1.375": [0.97, -4.68, 2.25],
						"1.4167": [0.86, -2.3, 1.1],
						"1.4583": [0.72, 1.1, -0.54],
						"1.5": [0.59, 4.11, -1.99],
						"1.5417": [0.52, 5.51, -2.66],
						"1.5833": [0.51, 5.73, -2.77],
						"1.625": [0.52, 5.65, -2.73],
						"1.6667": [0.54, 5.26, -2.54],
						"1.7083": [0.55, 5.03, -2.43],
						"1.75": [0.69, 3.63, -1.67],
						"1.7917": [0.89, -1.75, 0.88],
						"1.8333": [0.97, -4.59, 2.21],
						"1.875": [0.97, -4.68, 2.25],
						"1.9167": [0.86, -2.3, 1.1],
						"1.9583": [0.72, 1.1, -0.54],
						"2.0": [0.59, 4.11, -1.99],
						"2.0417": [0.52, 5.51, -2.66],
						"2.0833": [0.51, 5.73, -2.77],
						"2.125": [0.52, 5.65, -2.73],
						"2.1667": [0.54, 5.26, -2.54],
						"2.2083": [0.55, 5.03, -2.43],
						"2.25": [0.69, 3.63, -1.67],
						"2.2917": [0.89, -1.75, 0.88],
						"2.3333": [0.97, -4.59, 2.21],
						"2.375": [0.97, -4.68, 2.25],
						"2.4167": [0.86, -2.3, 1.1],
						"2.4583": [0.72, 1.1, -0.54],
						"2.5": [0.59, 4.11, -1.99],
						"2.5417": [0.52, 5.51, -2.66],
						"2.5833": [0.51, 5.73, -2.77],
						"2.625": [0.52, 5.65, -2.73],
						"2.6667": [0.54, 5.26, -2.54],
						"2.7083": [0.55, 5.03, -2.43],
						"2.75": [0.69, 3.63, -1.67],
						"2.7917": [0.89, -1.75, 0.88],
						"2.8333": [0.97, -4.59, 2.21],
						"2.875": [0.97, -4.68, 2.25],
						"2.9167": [0.86, -2.3, 1.1],
						"2.9583": [0.72, 1.1, -0.54],
						"3.0": [0.59, 4.11, -1.99],
						"3.0417": [0.52, 5.51, -2.66],
						"3.0833": [0.51, 5.73, -2.77],
						"3.125": [0.52, 5.65, -2.73],
						"3.1667": [0.54, 5.26, -2.54],
						"3.2083": [0.55, 5.03, -2.43]
					},
					"position": [0, 0, 0]
				},
				"Eye_Alice": {
					"scale": 0
				},
				"Eye_biaoqing": {
					"scale": 1
				},
				"xiao": {
					"scale": [1.1, 1.2, 1]
				}
			}
		},
		"extra2": {
			"loop": true,
			"animation_length": 4,
			"bones": {
				"RightEyebrow": {
					"rotation": [-0.0806, -0.43985, 0.04062],
					"position": {
						"0.0": [0, 0.4, 0],
						"0.8333": [0, 0, 0],
						"0.9167": [0, -1, 0],
						"1.0": [0, 0, 0],
						"2.0": [0, 0.4, 0]
					}
				},
				"LeftEyebrow": {
					"rotation": [0.06102, 0.44299, -0.04008],
					"position": {
						"0.0": [0, 0.4, 0],
						"0.8333": [0, 0, 0],
						"0.9167": [0, -1, 0],
						"1.0": [0, 0, 0],
						"2.0": [0, 0.4, 0]
					}
				},
				"RightEyelid": {
					"scale": {
						"0.0": [1, 0.9, 1],
						"0.8333": [1, 0.8721, 1],
						"0.9167": [1, 0.3, 1],
						"1.0": [1, 1, 1],
						"2.0": [1, 0.9, 1]
					}
				},
				"LeftEyelid": {
					"scale": {
						"0.0": [1, 0.9, 1],
						"0.8333": [1, 0.8721, 1],
						"0.9167": [1, 0.3, 1],
						"1.0": [1, 1, 1],
						"2.0": [1, 0.9, 1]
					}
				},
				"RightLeg": {
					"rotation": [0.98339, 18.99572, 4.76407],
					"position": [0, 0, 0.4]
				},
				"RightLowerLeg": {
					"rotation": [-2.5, 0, 0]
				},
				"LeftLeg": {
					"rotation": [-4.99527, -0.21782, -2.4905]
				},
				"LeftLowerLeg": {
					"rotation": [2.5, 0, 0]
				},
				"UpBody": {
					"rotation": [0, 2.5, 0]
				},
				"Head": {
					"rotation": [4.84346, 15.79307, -1.59983]
				},
				"xiao": {
					"position": [0, 0, 0],
					"scale": [0.3, -0.1, 1]
				},
				"Halo": {
					"rotation": [-10, 0, 0]
				},
				"Eyebrow": {
					"position": [0, -0.4, 0]
				},
				"MeiFuJia": {
					"position": [0, 0.25, 0]
				},
				"TongRen": {
					"scale": [0.9, 1.4, 1]
				},
				"TongRen2": {
					"scale": [0.9, 1.4, 1]
				},
				"Eyes": {
					"position": [0, -0.2, 0]
				},
				"CeFaA3": {
					"rotation": [-12.5, 0, 0]
				},
				"qianxiao": {
					"position": [-0.04362, -0.15152, 0.01613],
					"scale": [1.17, -0.7425, 1]
				},
				"QunZi": {
					"rotation": [-5, 0, 0]
				},
				"LeftArm": {
					"rotation": [-5.42385, 9.34075, -2.4662]
				},
				"RightArm": {
					"rotation": [-27.87177, 23.10413, -5.73231]
				},
				"RightForeArm": {
					"rotation": [-86.06663, -9.08661, -17.89244]
				}
			}
		},
		"extra3": {
			"loop": true,
			"animation_length": 5.375,
			"bones": {
				"YouYan": {
					"position": [-0.4, 0, 0],
					"scale": {
						"0.8333": [1, 1, 1],
						"0.9167": [1, 0.2, 1],
						"1.0": [1, 1, 1]
					}
				},
				"YouYan2": {
					"position": {
						"0.0": [-0.05, 0, 0],
						"0.7083": [0.2, 0, 0],
						"2.75": [-0.075, 0, 0]
					},
					"scale": {
						"0.8333": [1, 1, 1],
						"0.9167": [1, 0.4, 1],
						"1.0": [1, 1, 1]
					}
				},
				"RightLeg": {
					"rotation": [0.93585, 6.49746, 4.54986],
					"position": [0, 0, -0.7]
				},
				"RightLowerLeg": {
					"rotation": [-2.5, 0, 0]
				},
				"LeftLeg": {
					"rotation": [2.37978, -12.66954, -1.38368],
					"position": [0, 0, 0.55]
				},
				"LeftLowerLeg": {
					"rotation": [2.5, 0, 0]
				},
				"UpBody": {
					"rotation": [0, 2.5, 0]
				},
				"Head": {
					"rotation": [13.43492, -56.36642, -9.95941]
				},
				"xiao": {
					"position": [0, 0, 0],
					"scale": [0.3, -0.1, 1]
				},
				"MeiFuJia": {
					"position": [0, 0.25, 0]
				},
				"Eyes": {
					"position": [0, -0.2, 0]
				},
				"CeFaA3": {
					"rotation": [-12.5, 0, 0]
				},
				"qianxiao": {
					"position": [-0.04362, -0.15152, 0.01613],
					"scale": [1.17, -0.7425, 1]
				},
				"QunZi": {
					"rotation": [-5, 0, 0]
				},
				"LeftArm": {
					"rotation": [-11.87711, 4.81454, -14.21093]
				},
				"RightArm": {
					"rotation": [36.88765, -10.40999, -10.84675]
				},
				"RightForeArm": {
					"rotation": [-88.14252, -9.72064, -5.23773]
				},
				"AllBody": {
					"rotation": [0, 70, 0]
				},
				"MaWei10": {
					"rotation": [-5, 0, 0]
				},
				"TendouAris_Gun": {
					"rotation": [0, 180, 0],
					"position": [5, -5, -20]
				},
				"Qian": {
					"rotation": [-22.5, 0, 0]
				}
			}
		},
		"extra4": {
			"loop": true,
			"animation_length": 9.33333,
			"bones": {
				"RightEyebrow": {
					"rotation": {
						"0.0": [0, 0, 0],
						"0.25": [-0.0806, -0.43985, 0.04062],
						"3.5": [-0.08, -0.44, 0.04],
						"7.4167": [-0.08, -0.44, 0.04],
						"9.3333": [0, 0, 0]
					},
					"position": {
						"0.0": [0, 0, 0],
						"0.25": [0, 0.4, 0],
						"0.8333": [0, 0, 0],
						"0.9167": [0, -2, 0],
						"1.0": [0, 0, 0],
						"2.75": [0, 0.25, 0],
						"3.5": [0, 0.25, 0],
						"7.4167": [0, 0.25, 0],
						"9.3333": [0, 0, 0]
					}
				},
				"LeftEyebrow": {
					"rotation": {
						"0.0": [0, 0, 0],
						"0.25": [0.06102, 0.44299, -0.04008],
						"3.5": [0.06, 0.44, -0.04],
						"7.4167": [0.06, 0.44, -0.04],
						"9.3333": [0, 0, 0]
					},
					"position": {
						"0.0": [0, 0, 0],
						"0.25": [0, 0.4, 0],
						"0.8333": [0, 0, 0],
						"0.9167": [0, -2, 0],
						"1.0": [0, 0, 0],
						"2.75": [0, 0.25, 0],
						"3.5": [0, 0.25, 0],
						"7.4167": [0, 0.25, 0],
						"9.3333": [0, 0, 0]
					}
				},
				"YouYan": {
					"position": {
						"0.0": [0, 0, 0],
						"0.25": [0, 0, 0],
						"3.5": [0, 0, 0],
						"7.4167": [0, 0, 0],
						"9.3333": [0, 0, 0]
					},
					"scale": {
						"0.0": [1, 1, 1],
						"0.8333": [1, 1, 1],
						"0.9167": [1, 0.2, 1],
						"1.0": [1, 1, 1],
						"3.5": [1, 1, 1],
						"7.4167": [1, 1, 1],
						"9.3333": [1, 1, 1]
					}
				},
				"YouYan2": {
					"position": {
						"0.0": [0, 0, 0],
						"0.25": [0.45, 0, 0],
						"0.7083": [0.2, 0, 0],
						"2.75": [-0.075, 0, 0],
						"3.5": [-0.07, 0, 0],
						"7.4167": [-0.07, 0, 0],
						"9.3333": [0, 0, 0]
					},
					"scale": {
						"0.0": [1, 1, 1],
						"0.8333": [1, 1, 1],
						"0.9167": [1, 0.4, 1],
						"1.0": [1, 1, 1],
						"3.5": [1, 1, 1],
						"7.4167": [1, 1, 1],
						"9.3333": [1, 1, 1]
					}
				},
				"RightEyelid": {
					"position": {
						"0.0": [0, 0, 0],
						"0.25": [0, 0.75, 0],
						"3.5": [0, 0.75, 0],
						"7.4167": [0, 0.75, 0],
						"9.3333": [0, 0, 0]
					},
					"scale": {
						"0.0": [1, 1, 1],
						"0.25": [1, 0.9, 1],
						"0.7083": [1, 0.8721, 1],
						"0.8333": [1, 1, 1],
						"0.9167": [1, 0.3, 1],
						"1.0": [1, 1, 1],
						"2.75": [1, 0.8, 1],
						"3.5": [1, 0.8, 1],
						"7.4167": [1, 0.8, 1],
						"9.3333": [1, 1, 1]
					}
				},
				"LeftEyelid": {
					"position": {
						"0.0": [0, 0, 0],
						"0.25": [0, 0.75, 0],
						"3.5": [0, 0.75, 0],
						"7.4167": [0, 0.75, 0],
						"9.3333": [0, 0, 0]
					},
					"scale": {
						"0.0": [1, 1, 1],
						"0.25": [1, 0.9, 1],
						"0.7083": [1, 0.8721, 1],
						"0.8333": [1, 1, 1],
						"0.9167": [1, 0.3, 1],
						"1.0": [1, 1, 1],
						"2.75": [1, 0.8, 1],
						"3.5": [1, 0.8, 1],
						"7.4167": [1, 0.8, 1],
						"9.3333": [1, 1, 1]
					}
				},
				"RightLeg": {
					"rotation": {
						"0.0": [0, 0, 0],
						"0.25": [-10.71389, 6.86203, 12.0523],
						"3.5": [-10.71, 6.86, 12.05],
						"7.4167": [-10.71, 6.86, 12.05],
						"9.3333": [0, 0, 0]
					},
					"position": {
						"0.0": [0, 0, 0],
						"0.25": [0, 0, -0.7],
						"3.5": [0, 0, -0.7],
						"7.4167": [0, 0, -0.7],
						"9.3333": [0, 0, 0]
					}
				},
				"RightLowerLeg": {
					"rotation": {
						"0.0": [0, 0, 0],
						"0.25": [12.5, 0, 0],
						"3.5": [12.5, 0, 0],
						"7.4167": [12.5, 0, 0],
						"9.3333": [0, 0, 0]
					}
				},
				"LeftLeg": {
					"rotation": {
						"0.0": [0, 0, 0],
						"0.25": [-2.2125, -40.8111, -10.28481],
						"3.5": [-2.21, -40.81, -10.28],
						"7.4167": [-2.21, -40.81, -10.28],
						"9.3333": [0, 0, 0]
					},
					"position": {
						"0.0": [0, 0, 0],
						"0.25": [0, 0, 0.55],
						"3.5": [0, 0, 0.55],
						"7.4167": [0, 0, 0.55],
						"9.3333": [0, 0, 0]
					}
				},
				"LeftLowerLeg": {
					"rotation": {
						"0.0": [0, 0, 0],
						"0.25": [2.5, 0, 0],
						"3.5": [2.5, 0, 0],
						"7.4167": [2.5, 0, 0],
						"9.3333": [0, 0, 0]
					}
				},
				"UpBody": {
					"rotation": {
						"0.0": [0, "-ysm.head_yaw", 0],
						"0.25": [0, "2.5-ysm.head_yaw", 0],
						"3.5": [0, "2.5-ysm.head_yaw", 0],
						"7.4167": [0, "2.5-ysm.head_yaw", 0],
						"9.3333": [0, 0, 0]
					}
				},
				"Head": {
					"rotation": {
						"0.0": [0, 0, 0],
						"0.25": [2.6975, -26.90326, 0.32924],
						"1.25": [2.7, -26.9, 0.33],
						"2.0": [23.40582, -83.92945, -21.7363],
						"3.5": [23.41, -83.93, -21.74],
						"7.4167": [23.41, -83.93, -21.74],
						"9.3333": [0, 0, 0]
					}
				},
				"xiao": {
					"position": {
						"0.0": [0, 0, 0],
						"0.25": [0, 0, 0],
						"3.5": [0, 0, 0],
						"7.4167": [0, 0, 0],
						"9.3333": [0, 0, 0]
					},
					"scale": {
						"0.0": [1, 1, 1],
						"0.25": [0.3, -0.1, 1],
						"3.5": [0.3, -0.1, 1],
						"7.4167": [0.3, -0.1, 1],
						"9.3333": [1, 1, 1]
					}
				},
				"Halo": {
					"rotation": {
						"0.0": [0, 0, 0],
						"0.25": [-10, 0, 0],
						"3.5": [-10, 0, 0],
						"7.4167": [-10, 0, 0],
						"9.3333": [0, 0, 0]
					}
				},
				"Eyebrow": {
					"position": {
						"0.0": [0, 0, 0],
						"0.25": [0, -0.4, 0],
						"3.5": [0, -0.4, 0],
						"7.4167": [0, -0.4, 0],
						"9.3333": [0, 0, 0]
					}
				},
				"MeiFuJia": {
					"position": {
						"0.0": [0, 0, 0],
						"0.25": [0, 0.25, 0],
						"3.5": [0, 0.25, 0],
						"7.4167": [0, 0.25, 0],
						"9.3333": [0, 0, 0]
					}
				},
				"Eyelid": {
					"position": {
						"0.0": [0, 0, 0],
						"0.25": [0, -0.5, 0],
						"3.5": [0, -0.5, 0],
						"7.4167": [0, -0.5, 0],
						"9.3333": [0, 0, 0]
					}
				},
				"TongRen": {
					"position": {
						"0.0": [0, 0, 0],
						"0.25": [0.2, 0, 0],
						"3.5": [0.2, 0, 0],
						"7.4167": [0.2, 0, 0],
						"9.3333": [0, 0, 0]
					}
				},
				"TongRen2": {
					"position": {
						"0.0": [0, 0, 0],
						"0.25": [0.2, 0, 0],
						"3.5": [0.2, 0, 0],
						"7.4167": [0.2, 0, 0],
						"9.3333": [0, 0, 0]
					}
				},
				"Eyes": {
					"position": {
						"0.0": [0, 0, 0],
						"0.25": [0, -0.2, 0],
						"3.5": [0, -0.2, 0],
						"7.4167": [0, -0.2, 0],
						"9.3333": [0, 0, 0]
					}
				},
				"CeFaA3": {
					"rotation": {
						"0.0": [0, 0, 0],
						"0.25": [-12.5, 0, 0],
						"3.5": [-12.5, 0, 0],
						"7.4167": [-12.5, 0, 0],
						"9.3333": [0, 0, 0]
					}
				},
				"qianxiao": {
					"position": {
						"0.0": [0, 0, 0],
						"0.25": [-0.04362, -0.15152, 0.01613],
						"3.5": [-0.04, -0.15, 0.02],
						"7.4167": [-0.04, -0.15, 0.02],
						"9.3333": [0, 0, 0]
					},
					"scale": {
						"0.0": [1, 1, 1],
						"0.25": [1.17, -0.7425, 1],
						"3.5": [1.17, -0.7425, 1],
						"7.4167": [1.17, -0.7425, 1],
						"9.3333": [1, 1, 1]
					}
				},
				"QunZi": {
					"rotation": {
						"0.0": [0, 0, 0],
						"0.25": [-5, 0, 0],
						"3.5": [-5, 0, 0],
						"7.4167": [-5, 0, 0],
						"9.3333": [0, 0, 0]
					}
				},
				"LeftArm": {
					"rotation": {
						"0.0": [0, 0, 0],
						"0.25": [-8.59968, -10.62661, 8.33639],
						"3.5": [-11.0459, -8.05607, 23.31868],
						"3.625": [-12.53446, 6.70993, 32.93618],
						"4.4167": [-8.6, -10.63, 8.34],
						"7.4167": [-8.6, -10.63, 8.34],
						"9.3333": [0, 0, 0]
					}
				},
				"RightArm": {
					"rotation": {
						"0.0": [0, 0, 0],
						"0.25": [21.34436, 2.08197, 16.03165],
						"3.5": [38.84, 2.08, 16.03],
						"3.625": [28.28328, 29.93632, 7.23551],
						"4.4167": [21.34, 2.08, 16.03],
						"7.4167": [21.34, 2.08, 16.03],
						"9.3333": [0, 0, 0]
					}
				},
				"RightForeArm": {
					"rotation": {
						"0.0": [0, 0, 8.69],
						"0.25": [-76.83631, -13.99447, 8.6914],
						"3.5": [-76.84, -13.99, 8.69],
						"7.4167": [-76.84, -13.99, 8.69],
						"9.3333": [0, 0, 0]
					}
				},
				"AllBody": {
					"rotation": {
						"0.0": [0, 0, 0],
						"0.25": [0, -4.5, 0],
						"3.5": [0, -4.5, 0],
						"7.4167": [0, -4.5, 0],
						"9.3333": [0, 0, 0]
					}
				},
				"MaWei10": {
					"rotation": {
						"0.0": [0, 0, 0],
						"0.25": [-5, 0, 0],
						"3.5": [-5, 0, 0],
						"7.4167": [-5, 0, 0],
						"9.3333": [0, 0, 0]
					}
				},
				"Root": {
					"rotation": {
						"0.0": [0, 0, 0],
						"0.25": [0, 105, 0],
						"3.5": [0, 105, 0],
						"7.4167": [0, 105, 0],
						"9.3333": [0, 0, 0]
					}
				},
				"LeftForeArm": {
					"rotation": {
						"0.0": [0, 0, 0],
						"0.25": [-35, 0, 0],
						"3.5": [-35, 0, 0],
						"7.4167": [-35, 0, 0],
						"9.3333": [0, 0, 0]
					}
				},
				"TendouAris_Gun": {
					"rotation": {
						"0.0": [0, 0, 0],
						"0.125": [0, 35, 0],
						"0.2917": [0, 65, 0],
						"0.4167": [0, 105, 0],
						"0.5833": [0, 137.5, 0],
						"0.7083": [0, 175, 0],
						"0.75": [-3.3305, 175.51541, -6.18487],
						"0.7917": [-9.58885, 176.51145, -18.13737],
						"0.8333": [-17.19631, 177.7099, -32.51881],
						"0.875": [-25.7179, 179.01787, -48.21447],
						"0.9167": [-34.9776, 180.38859, -64.66312],
						"0.9583": [-44.90665, 181.79237, -81.50846],
						"1.0": [-55.49704, 183.2065, -98.47799],
						"1.0417": [-66.7956, 184.61029, -115.32351],
						"1.0833": [-78.91682, 185.98105, -131.77264],
						"1.125": [-92.08369, 187.28909, -147.46904],
						"1.1667": [-106.76496, 188.48765, -161.85186],
						"1.2083": [-124.19902, 189.48392, -173.80705],
						"1.25": [-157.5, 190, -180],
						"1.2917": [-180.10329, 190, -180],
						"1.3333": [-190.44843, 190, -180],
						"1.375": [-198.64121, 190, -180],
						"1.4167": [-205.64025, 190, -180],
						"1.4583": [-211.81534, 190, -180],
						"1.5": [-217.34689, 190, -180],
						"1.5417": [-222.33363, 190, -180],
						"1.5833": [-226.83145, 190, -180],
						"1.625": [-230.86338, 190, -180],
						"1.6667": [-234.43637, 190, -180],
						"1.7083": [-237.53075, 190, -180],
						"1.75": [-240.10802, 190, -180],
						"1.7917": [-242.09305, 190, -180],
						"1.8333": [-243.36049, 190, -180],
						"1.875": [-243.68946, 190, -180],
						"1.9167": [-242.63238, 190, -180],
						"1.9583": [-239.02753, 190, -180],
						"2.0": [-221.39476, 190, -180],
						"2.0417": [-197.15619, 190, -180],
						"2.0833": [-191.93376, 190, -180],
						"2.125": [-189.67046, 190, -180],
						"2.1667": [-188.77077, 190, -180],
						"2.2083": [-188.63703, 190, -180],
						"2.25": [-188.97147, 190, -180],
						"2.2917": [-189.60312, 190, -180],
						"2.3333": [-190.42453, 190, -180],
						"2.5833": [-196.4414, 190, -180],
						"2.75": [-199.79411, 190, -180],
						"2.9167": [-201.89423, 190, -180],
						"3.0417": [-202.5, 190, -180],
						"3.5": [-202.72, 190, -180],
						"3.5833": [-202.75924, 190, -180],
						"4.125": [-202.66144, 190, -180],
						"4.6667": [-202.46893, 190, -180],
						"5.2083": [-202.29189, 190, -180],
						"5.75": [-202.25819, 190, -180],
						"6.125": [-202.5, 190, -180],
						"6.1667": [-202.40466, 190, -180],
						"6.2083": [-202.00991, 190, -180],
						"6.25": [-201.3163, 190, -180],
						"6.2917": [-200.32295, 190, -180],
						"6.3333": [-199.02915, 190, -180],
						"6.375": [-197.43777, 190, -180],
						"6.4167": [-195.55174, 190, -180],
						"6.4583": [-193.37399, 190, -180],
						"6.5": [-190.91009, 190, -180],
						"6.5417": [-188.16874, 190, -180],
						"6.5833": [-185.16117, 190, -180],
						"6.625": [-181.90141, 190, -180],
						"6.6667": [-178.41039, 190, -180],
						"6.7083": [-174.71644, 190, -180],
						"6.75": [-170.85822, 190, -180],
						"6.875": [-158.98038, 190, -180],
						"6.9167": [-155.33334, 190, -180],
						"6.9583": [-152.24696, 190, -180],
						"7.0": [-150.24811, 190, -180],
						"7.0417": [-150.42997, 190, -180],
						"7.0833": [-155.78508, 190, -180],
						"7.125": [-200.5, 190, -180],
						"7.1667": [-251.39134, 190, -180],
						"7.2083": [-258.93891, 190, -180],
						"7.25": [-258.9276, 190, -180],
						"7.2917": [-254.67555, 190, -180],
						"7.3333": [-247.34751, 190, -180],
						"7.375": [-237.3019, 190, -180],
						"7.4167": [-224.14905, 190, -180],
						"7.4583": [-202.5, 190, -180],
						"7.5": [-189.42505, 190, -180],
						"7.5417": [-192.35324, 190, -180],
						"7.5833": [-197.12016, 190, -180],
						"7.625": [-200.97047, 190, -180],
						"7.6667": [-202.5, 190, -180],
						"8.0417": [0, 190, -180],
						"8.3333": [0, 180, 0],
						"9.3333": [0, 360, 0]
					},
					"position": {
						"0.0": {
							"post": [0, 0, 0],
							"lerp_mode": "catmullrom"
						},
						"0.125": {
							"post": [-8.11, -0.72, 8.36],
							"lerp_mode": "catmullrom"
						},
						"0.2917": {
							"post": [-19.11, -0.72, -1.64],
							"lerp_mode": "catmullrom"
						},
						"0.4167": {
							"post": [-19.11, -9.72, -11.64],
							"lerp_mode": "catmullrom"
						},
						"0.5833": {
							"post": [-9.11, -5.72, -27.64],
							"lerp_mode": "catmullrom"
						},
						"0.7083": {
							"post": [0.89, -2.72, -27.64],
							"lerp_mode": "catmullrom"
						},
						"1.25": {
							"post": [-3.11, -7.72, -21.64],
							"lerp_mode": "catmullrom"
						},
						"2.5": [-3.11, -7.72, -21.64],
						"2.5417": ["-3.11+(math.random(0.3,-0.3))", "-7.72+(math.random(0.3,-0.3))", "-21.64+(math.random(0.3,-0.3))"],
						"3.5": ["-3.11+(math.random(0.3,-0.3))", "-7.72+(math.random(0.3,-0.3))", "-21.64+(math.random(0.3,-0.3))"],
						"3.5417": [-3.42616, -7.58105, -21.52862],
						"3.5833": [-4.61797, -6.18149, -21.85545],
						"3.625": [-5.93, -6, -21.9],
						"3.6667": [-5.87521, -6, -21.9],
						"3.7083": [-5.79907, -6, -21.9],
						"3.875": [-5.40173, -6, -21.9],
						"3.9167": [-5.27914, -6, -21.9],
						"3.9583": [-5.1445, -6, -21.9],
						"4.0": [-4.99467, -6, -21.9],
						"4.0417": [-4.82435, -6, -21.9],
						"4.0833": [-4.62343, -6, -21.9],
						"4.125": [-4.36717, -6, -21.9],
						"4.1667": [-3.93, -6, -21.9],
						"4.2083": [-3.40728, -6, -21.9],
						"4.25": [-3.07695, -6, -21.9],
						"4.2917": [-2.79126, -6, -21.9],
						"4.3333": [-2.48965, -6, -21.9],
						"4.375": [-2.09362, -6, -21.9],
						"4.4167": [-0.93, -6, -21.9],
						"7.4167": [-0.93, -6, -21.9],
						"8.3333": [-10.49, -3.13, -25.43],
						"8.8333": [-13.24, -1.56, -12.71],
						"9.0833": [-9.62, -0.78, -2.35],
						"9.2083": [-4.81, -0.39, -0.17],
						"9.3333": [0, 0, 0]
					}
				},
				"LeftFoot": {
					"rotation": {
						"0.0": [0, 0, 0],
						"0.25": [7.47178, -0.65182, 4.95744],
						"3.5": [7.47, -0.65, 4.96],
						"7.4167": [7.47, -0.65, 4.96],
						"9.3333": [0, 0, 0]
					}
				},
				"RightFoot": {
					"rotation": {
						"0.0": [0, 0, 0],
						"0.25": [0, 0, -5],
						"3.5": [0, 0, -5],
						"7.4167": [0, 0, -5],
						"9.3333": [0, 0, 0]
					}
				},
				"GunFornt1_UP": {
					"position": {
						"0.0": {
							"post": [0, 0, 0],
							"lerp_mode": "catmullrom"
						},
						"0.25": {
							"post": [0, 0, 0],
							"lerp_mode": "catmullrom"
						},
						"0.8333": {
							"post": [0, 0.5, 0],
							"lerp_mode": "catmullrom"
						},
						"1.1667": {
							"post": [0, 7, 0],
							"lerp_mode": "catmullrom"
						},
						"2.6667": {
							"post": [0, 0.5, 0],
							"lerp_mode": "catmullrom"
						},
						"3.5": {
							"post": [0, 0.29, 0],
							"lerp_mode": "catmullrom"
						},
						"3.5417": {
							"post": [0, 0.5, 0],
							"lerp_mode": "catmullrom"
						},
						"3.7083": {
							"post": [0, 10, 0],
							"lerp_mode": "catmullrom"
						},
						"4.4167": {
							"post": [0, 0.5, 0],
							"lerp_mode": "catmullrom"
						},
						"7.4167": {
							"post": [0, 0.5, 0],
							"lerp_mode": "catmullrom"
						},
						"9.3333": {
							"post": [0, 0, 0],
							"lerp_mode": "catmullrom"
						}
					}
				},
				"GunFornt2_Down": {
					"position": {
						"0.0": {
							"post": [0, 0, 0],
							"lerp_mode": "catmullrom"
						},
						"0.25": {
							"post": [0, 0, 0],
							"lerp_mode": "catmullrom"
						},
						"0.8333": {
							"post": [0, -0.5, 0],
							"lerp_mode": "catmullrom"
						},
						"1.1667": {
							"post": [0, -7, 0],
							"lerp_mode": "catmullrom"
						},
						"2.6667": {
							"post": [0, -0.5, 0],
							"lerp_mode": "catmullrom"
						},
						"3.5": {
							"post": [0, -0.29, 0],
							"lerp_mode": "catmullrom"
						},
						"3.5417": {
							"post": [0, -0.5, 0],
							"lerp_mode": "catmullrom"
						},
						"3.7083": {
							"post": [0, -10, 0],
							"lerp_mode": "catmullrom"
						},
						"4.4167": {
							"post": [0, -0.5, 0],
							"lerp_mode": "catmullrom"
						},
						"7.4167": {
							"post": [0, -0.5, 0],
							"lerp_mode": "catmullrom"
						},
						"9.3333": {
							"post": [0, 0, 0],
							"lerp_mode": "catmullrom"
						}
					}
				},
				"GunPower": {
					"rotation": {
						"0.0": {
							"post": [0, 0, 0],
							"lerp_mode": "catmullrom"
						},
						"0.25": {
							"post": [0, 0, 0],
							"lerp_mode": "catmullrom"
						},
						"0.4167": {
							"post": [0, 0, 180],
							"lerp_mode": "catmullrom"
						},
						"1.0": {
							"post": [0, 0, 240],
							"lerp_mode": "catmullrom"
						},
						"1.375": {
							"post": [0, 0, 250],
							"lerp_mode": "catmullrom"
						},
						"2.0": {
							"post": [0, 0, -720],
							"lerp_mode": "catmullrom"
						},
						"3.5": [0, 0, -5881.17],
						"4.0": [0, 0, -7200],
						"4.5833": [0, 0, -7560],
						"5.0417": [0, 0, -7600],
						"5.2917": [0, 0, -7620],
						"5.5": [0, 0, -7625],
						"7.4167": [0, 0, -7625],
						"9.3333": [0, 0, 0]
					}
				},
				"ysmGlowGunFornt5_RightLight": {
					"position": {
						"7.4167": ["0+eyelib.add_glow('GunFornt5_RightLight','GunFornt5_LeftLight','wai')", 0, 0],
						"9.3333": [0, 0, 0]
					}
				},
				"GunFornt101_Left": {
					"rotation": {
						"1.375": [0, 0, 0],
						"1.4167": [-0.44443, 0, 0],
						"1.5833": [-3.00008, 0, 0],
						"1.625": [-3.46523, 0, 0],
						"1.6667": [-3.81416, 0, 0],
						"1.7083": [-4.02585, 0, 0],
						"1.75": [-4.07603, 0, 0],
						"1.7917": [-3.93496, 0, 0],
						"1.8333": [-3.56423, 0, 0],
						"1.875": [-2.91208, 0, 0],
						"1.9167": [-1.90272, 0, 0],
						"1.9583": [-0.42422, 0, 0],
						"2.0": [1.71512, 0, 0],
						"2.0417": [4.88521, 0, 0],
						"2.0833": [10.04319, 0, 0],
						"2.125": [26.05, 0, 0],
						"2.1667": [49.06557, 0, 0],
						"2.2083": [54.28236, 0, 0],
						"2.25": [56.13457, 0, 0],
						"2.2917": [56.34843, 0, 0],
						"2.3333": [55.64272, 0, 0],
						"2.4167": [53.19949, 0, 0],
						"2.4583": [52.5, 0, 0],
						"3.0": [52.5, 0, 0],
						"3.5": [52.5, 0, 0],
						"3.5417": [52.5, 0, 0],
						"4.0833": [52.5, 0, 0],
						"4.625": [52.5, 0, 0],
						"5.1667": [52.5, 0, 0],
						"5.7083": [52.5, 0, 0],
						"6.25": [52.5, 0, 0],
						"6.3333": [52.5, 0, 0],
						"6.375": [53.2231, 0, 0],
						"6.5417": [57.68737, 0, 0],
						"6.5833": [58.67872, 0, 0],
						"6.625": [59.56758, 0, 0],
						"6.6667": [60.3346, 0, 0],
						"6.7083": [60.95961, 0, 0],
						"6.75": [61.41928, 0, 0],
						"6.7917": [61.68563, 0, 0],
						"6.8333": [61.72376, 0, 0],
						"6.875": [61.48765, 0, 0],
						"6.9167": [60.91497, 0, 0],
						"6.9583": [59.91737, 0, 0],
						"7.0": [58.35929, 0, 0],
						"7.0417": [56.01159, 0, 0],
						"7.0833": [52.4279, 0, 0],
						"7.125": [46.46372, 0, 0],
						"7.1667": [26.05, 0, 0],
						"7.2083": [-7.10343, 0, 0],
						"7.25": [-9.43076, 0, 0],
						"7.2917": [-7.63383, 0, 0],
						"7.3333": [-4.49236, 0, 0],
						"7.375": [-1.46263, 0, 0],
						"7.4167": [0, 0, 0],
						"7.9583": [0, 0, 0],
						"8.5": [0, 0, 0],
						"9.0417": [0, 0, 0],
						"9.3333": [0, 0, 0]
					}
				},
				"GunFornt101_Right": {
					"rotation": {
						"1.375": [0, 0, 0],
						"1.4167": [-0.44443, 0, 0],
						"1.5833": [-3.00008, 0, 0],
						"1.625": [-3.46523, 0, 0],
						"1.6667": [-3.81416, 0, 0],
						"1.7083": [-4.02585, 0, 0],
						"1.75": [-4.07603, 0, 0],
						"1.7917": [-3.93496, 0, 0],
						"1.8333": [-3.56423, 0, 0],
						"1.875": [-2.91208, 0, 0],
						"1.9167": [-1.90272, 0, 0],
						"1.9583": [-0.42422, 0, 0],
						"2.0": [1.71512, 0, 0],
						"2.0417": [4.88521, 0, 0],
						"2.0833": [10.04319, 0, 0],
						"2.125": [26.05, 0, 0],
						"2.1667": [49.06557, 0, 0],
						"2.2083": [54.28236, 0, 0],
						"2.25": [56.13457, 0, 0],
						"2.2917": [56.34843, 0, 0],
						"2.3333": [55.64272, 0, 0],
						"2.4167": [53.19949, 0, 0],
						"2.4583": [52.5, 0, 0],
						"3.0": [52.5, 0, 0],
						"3.5": [52.5, 0, 0],
						"3.5417": [52.5, 0, 0],
						"4.0833": [52.5, 0, 0],
						"4.625": [52.5, 0, 0],
						"5.1667": [52.5, 0, 0],
						"5.7083": [52.5, 0, 0],
						"6.25": [52.5, 0, 0],
						"6.3333": [52.5, 0, 0],
						"6.375": [53.2231, 0, 0],
						"6.5417": [57.68737, 0, 0],
						"6.5833": [58.67872, 0, 0],
						"6.625": [59.56758, 0, 0],
						"6.6667": [60.3346, 0, 0],
						"6.7083": [60.95961, 0, 0],
						"6.75": [61.41928, 0, 0],
						"6.7917": [61.68563, 0, 0],
						"6.8333": [61.72376, 0, 0],
						"6.875": [61.48765, 0, 0],
						"6.9167": [60.91497, 0, 0],
						"6.9583": [59.91737, 0, 0],
						"7.0": [58.35929, 0, 0],
						"7.0417": [56.01159, 0, 0],
						"7.0833": [52.4279, 0, 0],
						"7.125": [46.46372, 0, 0],
						"7.1667": [26.05, 0, 0],
						"7.2083": [-7.10343, 0, 0],
						"7.25": [-9.43076, 0, 0],
						"7.2917": [-7.63383, 0, 0],
						"7.3333": [-4.49236, 0, 0],
						"7.375": [-1.46263, 0, 0],
						"7.4167": [0, 0, 0],
						"7.9583": [0, 0, 0],
						"8.5": [0, 0, 0],
						"9.0417": [0, 0, 0],
						"9.3333": [0, 0, 0]
					}
				},
				"GunFornt200_Right": {
					"rotation": {
						"1.375": [0, 0, 0],
						"1.75": [-9.26, 0, 0],
						"1.9167": [-14.63, 0, 0],
						"2.0": [-19.82, 0, 0],
						"2.0417": [-27.41, 0, 0],
						"2.0833": [-60, 0, 0],
						"3.5": [-60, 0, 0],
						"6.7083": [-60, 0, 0],
						"6.75": [-27.41, 0, 0],
						"6.7917": [-19.82, 0, 0],
						"6.875": [-14.63, 0, 0],
						"7.0417": [-9.26, 0, 0],
						"7.4167": [0, 0, 0],
						"9.3333": [0, 0, 0]
					}
				},
				"GunFornt200_Left": {
					"rotation": {
						"1.375": [0, 0, 0],
						"1.75": [-9.26, 0, 0],
						"1.9167": [-14.63, 0, 0],
						"2.0": [-19.82, 0, 0],
						"2.0417": [-27.41, 0, 0],
						"2.0833": [-60, 0, 0],
						"3.5": [-60, 0, 0],
						"6.7083": [-60, 0, 0],
						"6.75": [-27.41, 0, 0],
						"6.7917": [-19.82, 0, 0],
						"6.875": [-14.63, 0, 0],
						"7.0417": [-9.26, 0, 0],
						"7.4167": [0, 0, 0],
						"9.3333": [0, 0, 0]
					}
				},
				"RailRight": {
					"rotation": {
						"1.375": [0, 0, 0],
						"2.0833": [30, 0, 0],
						"3.5": [30, 0, 0],
						"6.7083": [30, 0, 0],
						"7.4167": [0, 0, 0],
						"9.3333": [0, 0, 0]
					}
				},
				"RailLeft": {
					"rotation": {
						"1.375": [0, 0, 0],
						"2.0833": [30, 0, 0],
						"3.5": [30, 0, 0],
						"6.7083": [30, 0, 0],
						"7.4167": [0, 0, 0],
						"9.3333": [0, 0, 0]
					}
				},
				"ysmGlowlight2": {
					"rotation": {
						"0.0": [0, 0, 0],
						"3.5": [0, 0, 3600],
						"5.5": [0, 0, 7200],
						"7.4167": [0, 0, 7200],
						"9.3333": [0, 0, 0]
					},
					"position": {
						"0.0": [0, 0, 0],
						"3.5": [0, 0, 4],
						"4.2917": [0, 0, 4],
						"5.0": [0, 0, -16000],
						"7.4167": [0, 0, -16000],
						"9.3333": [0, 0, 0]
					},
					"scale": {
						"0.0": {
							"post": [0, 0, 0],
							"lerp_mode": "catmullrom"
						},
						"0.25": {
							"post": [0, 0, 0],
							"lerp_mode": "catmullrom"
						},
						"1.2083": [0, 0, 0],
						"3.5": [1, 1, 1],
						"4.5": [1, 1, 1000],
						"5.0": [1, 1, 0],
						"7.4167": [1, 1, 0],
						"9.3333": [1, 1, 1]
					}
				}
			}
		},
		"extra5": {
			"loop": true,
			"animation_length": 2.04167,
			"bones": {
				"RightEyebrow": {
					"rotation": [0, 0, 10],
					"position": [0, -0.1, 0]
				},
				"LeftEyebrow": {
					"rotation": [0, 0, -10],
					"position": [0, -0.1, 0]
				},
				"jingya": {
					"scale": [0.9, 1.1, 1]
				}
			}
		},
		"extra6": {
			"loop": true,
			"animation_length": 5.375,
			"bones": {
				"RightEyebrow": {
					"rotation": [-0.0806, -0.43985, 0.04062],
					"position": {
						"0.0": [0, 0.25, 0],
						"0.8333": [0, 0, 0],
						"0.9167": [0, -2, 0],
						"1.0": [0, 0, 0],
						"2.75": [0, 0.25, 0]
					}
				},
				"LeftEyebrow": {
					"rotation": [0.06102, 0.44299, -0.04008],
					"position": {
						"0.0": [0, 0.25, 0],
						"0.8333": [0, 0, 0],
						"0.9167": [0, -2, 0],
						"1.0": [0, 0, 0],
						"2.75": [0, 0.25, 0]
					}
				},
				"YouYan": {
					"position": [0, 0, 0],
					"scale": {
						"0.8333": [1, 1, 1],
						"0.9167": [1, 0.2, 1],
						"1.0": [1, 1, 1]
					}
				},
				"YouYan2": {
					"position": {
						"0.0": [0.55, 0, 0],
						"0.7083": [0.2, 0, 0],
						"2.75": [-0.075, 0, 0]
					},
					"scale": {
						"0.8333": [1, 1, 1],
						"0.9167": [1, 0.4, 1],
						"1.0": [1, 1, 1]
					}
				},
				"RightEyelid": {
					"position": [0, 0.75, 0],
					"scale": {
						"0.0": [1, 0.8, 1],
						"0.7083": [1, 0.8721, 1],
						"0.8333": [1, 1, 1],
						"0.9167": [1, 0.3, 1],
						"1.0": [1, 1, 1],
						"2.75": [1, 0.8, 1]
					}
				},
				"LeftEyelid": {
					"position": [0, 0.75, 0],
					"scale": {
						"0.0": [1, 0.8, 1],
						"0.7083": [1, 0.8721, 1],
						"0.8333": [1, 1, 1],
						"0.9167": [1, 0.3, 1],
						"1.0": [1, 1, 1],
						"2.75": [1, 0.8, 1]
					}
				},
				"RightLeg": {
					"rotation": [-0.34928, -13.36423, -0.91812],
					"position": [0, 0, -0.7]
				},
				"RightLowerLeg": {
					"rotation": [10, 0, 0]
				},
				"LeftLeg": {
					"rotation": [-55.97226, -4.41678, 4.33232],
					"position": [0, 0, 0.55]
				},
				"LeftLowerLeg": {
					"rotation": [132.74529, 5.52235, 5.08269],
					"position": [0, -0.225, -0.5]
				},
				"UpBody": {
					"rotation": [-10.22938, 12.34537, -1.76886]
				},
				"Head": {
					"rotation": {
						"0.0": [14.69167, -6.63108, -3.46393],
						"5.375": [4.78913, 13.30882, -1.81606]
					}
				},
				"xiao": {
					"scale": [0.9, 1, 0.7]
				},
				"Halo": {
					"rotation": [-10, 0, 0]
				},
				"Eyebrow": {
					"position": [0, -0.4, 0]
				},
				"MeiFuJia": {
					"position": [0, 0.25, 0]
				},
				"Eyelid": {
					"position": [0, -0.5, 0]
				},
				"TongRen": {
					"position": {
						"0.0": [0.2, 0, 0],
						"2.75": [-0.1, 0, 0]
					},
					"scale": [0.9, 1.4, 1]
				},
				"TongRen2": {
					"position": {
						"0.0": [0.1, 0, 0],
						"2.75": [-0.1, 0, 0]
					},
					"scale": [0.9, 1.4, 1]
				},
				"Eyes": {
					"position": [0, -0.2, 0]
				},
				"CeFaA3": {
					"rotation": [2.07076, 1.02076, 17.47567]
				},
				"qianxiao": {
					"position": [-0.04362, -0.15152, 0.01613],
					"scale": [1.17, -0.7425, 1]
				},
				"QunZi": {
					"rotation": [-5, 0, 0]
				},
				"LeftArm": {
					"rotation": [-168.52243, -31.98067, 63.21347],
					"position": [0, 0, -0.2]
				},
				"RightArm": {
					"rotation": [159.08571, 46.91758, 229.46465],
					"position": [0, 0, 1.25]
				},
				"RightForeArm": {
					"rotation": [2.01908, -2.0564, -9.9958]
				},
				"AllBody": {
					"rotation": [0, -22.5, 0]
				},
				"LeftForeArm": {
					"rotation": [0, 0, 5]
				},
				"bangs": {
					"rotation": [0, 0, -5]
				},
				"ChangMao2": {
					"rotation": [0, 0, -7.5]
				},
				"ChangMao3": {
					"rotation": [0, 0, -7.5]
				},
				"Long": {
					"rotation": [0, 0, -15]
				},
				"Long2": {
					"rotation": [0, 0, -12.5]
				},
				"MaWei_A2": {
					"rotation": [0, 0, -25]
				},
				"MaWei2": {
					"rotation": [0, 0, -7.5]
				},
				"LeftSideLock": {
					"rotation": [-158.67822, -83.01814, 169.86247]
				},
				"RightSideLock": {
					"rotation": [0, 0, -2.5]
				},
				"CeFaA8": {
					"rotation": [0, 0, -7.5]
				},
				"CeFaA9": {
					"rotation": [0, 0, -15]
				},
				"RightFoot": {
					"rotation": [20, 0, 0]
				},
				"Long3": {
					"rotation": [0, 0, -10],
					"position": [0, 0.675, 0]
				},
				"Left_XiGai": {
					"rotation": [37.5, 0, 0],
					"position": [0, 0.45, -0.2],
					"scale": [1, 1.6, 1]
				},
				"Qian": {
					"rotation": [-47.5, 0, 0]
				},
				"Left_Qun": {
					"rotation": [-30, 0, 0]
				},
				"Right_Qun": {
					"rotation": [-30, 0, 0]
				}
			}
		},
		"extra7": {
			"loop": true,
			"animation_length": 1,
			"bones": {
				"LeftArm": {
					"rotation": [6.50026, 5.04084, 0.56692]
				},
				"LeftForeArm": {
					"rotation": [-52.5, 0, 0]
				},
				"RightLeg": {
					"rotation": [-14.23634, 5.188, 16.73634]
				},
				"RightLowerLeg": {
					"rotation": [17.64168, -7.15102, -2.26708]
				},
				"LeftLeg": {
					"rotation": [3.82607, -37.33289, -6.29298]
				},
				"Head": {
					"rotation": [-4.21402, -59.95755, 2.30568]
				},
				"RightEyebrow": {
					"position": [0, -0.4, 0]
				},
				"LeftEyebrow": {
					"position": [0, -0.3, 0]
				},
				"YouYan": {
					"scale": [1, 0.7, 1]
				},
				"YouYan2": {
					"scale": [1, 0.7, 1]
				},
				"LongUpHair": {
					"rotation": [10, 0, 0]
				}
			}
		},
		"extra0": {
			"loop": true,
			"animation_length": 1,
			"bones": {
				"Root": {
					"rotation": [-90, 0, 0],
					"position": [0, 3, -20]
				},
				"LeftArm": {
					"rotation": [21.57664, 6.25373, -36.13404]
				},
				"LeftForeArm": {
					"rotation": [-17.5, 0, 0]
				},
				"Eye_biaoqing": {
					"scale": 1
				},
				"LeftLowerLeg": {
					"rotation": [55, 0, 0]
				},
				"RightLeg": {
					"rotation": [0, 0, 7.5]
				},
				"LeftLeg": {
					"rotation": [-30, 0, 0]
				},
				"LeftFoot": {
					"rotation": [17.5, 0, 0]
				},
				"jingya": {
					"scale": 1
				},
				"TendouAris_Gun": {
					"scale": 0
				},
				"Qian": {
					"rotation": [-22.5, 0, 0]
				},
				"Left_Qun": {
					"rotation": [-15, 0, 0]
				},
				"Right_Qun": {
					"rotation": [-15, 0, 0]
				},
				"Head": {
					"rotation": ["35+ysm.head_pitch/2", 0, 0]
				},
				"MRoot": {
					"scale": 1
				},
				"MUpBody": {
					"scale": 1
				},
				"Mwaiyi": {
					"scale": 1
				},
				"MHead": {
					"scale": 1
				},
				"Eye_Alice": {
					"scale": 0
				},
				"ysmGlowHalo": {
					"rotation": [45, 0, 0],
					"position": [0, 0, -7]
				},
				"MLeftFoot": {
					"scale": 1
				},
				"MRightFoot": {
					"scale": 1
				}
			}
		}
	}
}